transaction_id,customer_id,product_id,date,quantity
1,864,11,2023-02-15,1
2,144,34,2023-06-04,1
3,16,10,2023-03-03,1
4,302,10,2022-05-01,2
5,423,43,2023-12-05,2
6,245,6,2023-10-24,1
7,927,36,2023-08-02,5
8,107,24,2022-03-10,1
9,88,12,2023-10-11,1
10,129,43,2023-03-12,2
11,907,23,2023-07-14,1
12,887,27,2023-08-20,2
13,341,45,2023-12-26,4
14,4,37,2023-04-12,1
15,327,6,2023-11-03,1
16,410,1,2023-08-14,1
17,879,6,2023-05-19,1
18,306,50,2023-11-13,1
19,908,22,2022-07-01,1
20,607,41,2023-11-16,2
21,721,24,2023-04-17,1
22,225,25,2023-11-04,1
23,971,15,2022-10-22,1
24,348,26,2023-11-02,2
25,992,8,2023-12-19,1
26,321,24,2023-07-09,1
27,559,48,2023-01-09,2
28,988,38,2022-10-31,1
29,181,6,2023-11-25,1
30,618,35,2023-12-27,3
31,711,42,2022-09-30,1
32,386,1,2023-11-04,5
33,618,46,2023-09-03,1
34,792,36,2023-08-21,1
35,772,12,2022-08-06,3
36,108,38,2023-09-26,1
37,531,11,2023-01-21,2
38,410,12,2023-01-21,2
39,971,42,2022-10-04,3
40,296,50,2023-09-03,5
41,818,39,2022-11-08,1
42,171,7,2023-11-05,2
43,331,11,2023-12-02,1
44,493,36,2023-12-06,1
45,195,31,2023-01-04,2
46,12,33,2023-11-01,1
47,195,13,2022-12-16,1
48,490,18,2023-05-13,1
49,795,41,2023-05-22,1
50,881,24,2023-05-14,4
51,182,9,2023-04-01,1
52,962,31,2023-06-13,1
53,817,41,2023-09-05,3
54,656,10,2022-10-17,1
55,898,2,2023-05-10,1
56,316,38,2022-09-12,1
57,694,15,2023-10-13,1
58,30,3,2023-10-31,1
59,596,43,2023-06-20,2
60,678,31,2023-08-30,1
61,796,6,2023-07-26,3
62,793,3,2023-12-18,2
63,96,11,2023-12-16,1
64,381,15,2023-11-26,1
65,778,45,2023-09-16,1
66,444,28,2022-11-12,1
67,298,10,2023-02-16,3
68,808,38,2023-11-16,1
69,737,47,2023-12-05,1
70,845,50,2023-11-28,1
71,361,50,2023-11-11,1
72,374,7,2023-09-25,1
73,554,15,2023-12-21,1
74,303,18,2023-10-09,1
75,421,18,2023-06-02,1
76,246,41,2023-09-30,1
77,720,24,2023-11-02,2
78,237,2,2023-08-12,1
79,534,40,2023-12-05,1
80,185,20,2023-08-04,1
81,468,34,2023-02-23,1
82,754,43,2023-11-30,3
83,363,26,2023-07-19,1
84,283,7,2022-11-18,1
85,553,38,2023-12-05,3
86,336,30,2023-03-13,2
87,162,42,2023-08-07,1
88,160,5,2023-10-18,1
89,474,11,2022-03-25,2
90,601,1,2023-12-25,1
91,322,34,2023-06-20,2
92,12,1,2023-11-26,2
93,424,19,2023-11-15,2
94,73,2,2023-10-22,1
95,588,21,2023-08-22,2
96,858,20,2023-11-28,1
97,201,23,2023-12-30,2
98,522,21,2023-07-25,1
99,864,24,2023-05-18,1
100,505,4,2022-05-29,1
101,738,12,2022-07-19,1
102,688,22,2023-11-13,1
103,788,20,2023-08-31,3
104,39,18,2023-10-28,1
105,60,1,2023-09-09,2
106,578,30,2023-10-02,1
107,321,33,2022-06-10,1
108,435,24,2023-11-22,1
109,636,14,2023-12-21,1
110,676,36,2023-12-28,3
111,408,5,2023-12-05,1
112,923,11,2023-11-06,1
113,386,24,2023-01-18,1
114,671,31,2023-04-28,3
115,569,13,2023-06-16,1
116,78,16,2023-02-06,1
117,194,24,2023-09-10,1
118,285,13,2023-09-23,1
119,527,24,2023-06-30,1
120,524,26,2023-12-24,3
121,613,2,2023-08-11,1
122,156,16,2023-10-29,1
123,340,38,2023-11-20,1
124,125,46,2023-08-30,1
125,871,1,2023-12-17,1
126,280,49,2023-12-26,5
127,917,11,2023-10-01,2
128,906,35,2023-12-30,3
129,622,43,2023-04-06,2
130,846,29,2023-12-30,1
131,869,37,2023-10-30,1
132,658,17,2023-11-22,1
133,728,39,2023-11-12,1
134,910,42,2023-08-24,1
135,674,28,2023-02-21,1
136,128,29,2023-11-18,1
137,314,43,2022-12-05,3
138,332,3,2022-11-07,2
139,150,10,2023-10-20,3
140,454,42,2023-12-14,1
141,36,14,2023-05-11,1
142,685,12,2023-06-30,1
143,420,47,2022-04-06,1
144,22,42,2023-11-17,1
145,206,30,2023-04-29,1
146,639,32,2023-10-05,1
147,848,32,2023-04-13,1
148,957,42,2023-10-21,1
149,356,32,2022-11-26,1
150,440,26,2023-10-04,1
151,729,1,2023-12-22,1
152,96,42,2023-12-06,1
153,929,2,2023-05-16,1
154,941,17,2023-10-22,1
155,164,30,2023-11-08,2
156,148,39,2022-10-13,2
157,530,7,2023-11-30,1
158,294,27,2023-08-23,1
159,195,9,2023-03-30,1
160,663,22,2023-03-16,1
161,480,34,2023-01-22,1
162,877,46,2023-12-24,1
163,123,49,2023-06-25,1
164,400,1,2023-11-03,1
165,699,9,2023-12-08,2
166,965,20,2023-01-22,1
167,452,19,2023-11-25,2
168,661,36,2022-08-25,1
169,104,40,2023-09-28,1
170,755,45,2023-12-24,4
171,462,4,2023-06-30,4
172,743,9,2023-12-15,1
173,991,41,2023-11-01,1
174,718,22,2022-07-17,1
175,710,18,2023-11-24,1
176,396,12,2023-09-02,2
177,912,42,2023-09-24,4
178,337,43,2023-10-11,1
179,599,39,2023-10-17,1
180,142,9,2022-03-16,1
181,317,6,2023-12-14,1
182,711,19,2022-11-18,3
183,558,48,2023-11-25,3
184,800,47,2023-10-12,1
185,527,7,2023-03-29,1
186,556,16,2023-03-29,1
187,401,5,2023-09-04,1
188,681,16,2022-12-26,2
189,310,1,2023-12-16,1
190,495,37,2023-12-16,1
191,556,39,2023-09-25,1
192,610,19,2023-01-01,2
193,773,37,2023-06-29,1
194,109,17,2023-10-20,3
195,795,26,2022-08-04,3
196,372,22,2023-10-11,3
197,855,8,2023-12-30,1
198,616,33,2023-05-18,1
199,768,2,2023-10-12,1
200,891,30,2023-02-21,1
201,206,47,2023-12-27,1
202,847,20,2023-03-07,1
203,43,18,2023-11-15,1
204,865,43,2023-04-10,3
205,245,10,2023-12-29,1
206,287,24,2022-12-20,1
207,355,4,2022-11-29,2
208,785,37,2023-12-18,2
209,476,4,2023-03-06,3
210,83,13,2023-12-09,2
211,110,25,2022-11-23,3
212,950,13,2023-12-07,1
213,190,18,2023-11-20,1
214,983,24,2023-10-12,1
215,800,2,2023-01-31,1
216,936,48,2023-12-23,1
217,909,33,2023-10-24,1
218,251,19,2023-05-18,1
219,724,9,2023-04-26,1
220,291,28,2022-11-27,1
221,645,35,2023-07-09,3
222,201,39,2023-10-15,1
223,797,10,2023-07-12,2
224,326,1,2023-12-07,1
225,511,42,2023-10-07,3
226,409,21,2023-12-30,3
227,607,9,2023-11-19,1
228,790,47,2023-12-28,1
229,962,15,2022-07-21,1
230,941,35,2023-08-24,5
231,837,5,2023-11-01,3
232,508,41,2023-11-15,3
233,731,22,2023-05-07,1
234,601,41,2023-12-24,1
235,72,23,2023-11-19,3
236,247,7,2023-08-10,1
237,641,23,2022-10-28,1
238,724,44,2023-09-23,1
239,940,25,2023-06-10,3
240,855,27,2023-12-30,1
241,608,41,2023-12-08,1
242,587,6,2023-11-27,1
243,935,34,2023-10-28,2
244,566,9,2023-05-12,1
245,344,49,2023-11-19,1
246,971,33,2022-12-06,1
247,925,6,2023-03-27,2
248,54,37,2022-08-04,5
249,730,31,2023-09-28,2
250,528,34,2023-09-21,1
251,611,41,2023-12-08,3
252,532,29,2023-12-04,1
253,558,14,2022-10-07,1
254,963,36,2023-10-08,1
255,193,36,2022-12-17,1
256,895,15,2023-10-23,2
257,58,8,2023-11-02,1
258,437,26,2023-01-18,1
259,111,36,2022-12-01,1
260,129,48,2023-04-09,1
261,849,21,2023-06-04,1
262,706,28,2022-06-21,1
263,925,4,2023-04-09,1
264,852,16,2023-12-30,1
265,326,22,2023-12-30,1
266,8,12,2023-05-26,2
267,29,16,2023-10-09,1
268,112,40,2023-11-08,3
269,947,38,2023-09-21,3
270,673,42,2023-03-14,2
271,131,37,2023-08-12,1
272,188,29,2023-06-04,1
273,675,18,2023-09-22,5
274,709,10,2023-11-25,1
275,475,42,2023-07-30,1
276,364,39,2023-10-30,1
277,204,18,2023-12-14,1
278,212,1,2023-06-27,4
279,621,39,2023-10-25,1
280,276,21,2023-10-12,1
281,73,1,2023-06-04,1
282,679,15,2023-05-24,1
283,772,4,2023-11-17,1
284,243,20,2023-11-18,1
285,787,10,2023-12-05,2
286,102,23,2023-11-18,1
287,987,41,2023-12-29,2
288,685,34,2023-08-20,1
289,171,46,2023-11-14,1
290,653,48,2023-10-21,1
291,909,33,2022-11-09,1
292,188,34,2023-07-25,2
293,441,39,2023-09-19,2
294,86,10,2023-12-14,1
295,476,20,2023-01-17,1
296,52,1,2023-06-30,2
297,111,13,2022-12-03,1
298,949,1,2023-09-20,1
299,877,5,2023-12-21,4
300,854,16,2023-10-28,1
301,43,15,2023-06-29,5
302,211,49,2023-07-26,1
303,968,28,2022-11-26,2
304,200,31,2023-05-26,1
305,810,23,2023-10-23,1
306,858,48,2023-07-22,1
307,752,45,2023-09-04,1
308,627,43,2023-10-21,1
309,26,17,2023-11-06,1
310,919,49,2023-01-27,1
311,299,34,2023-09-06,2
312,77,13,2023-08-17,1
313,924,14,2023-06-15,1
314,137,11,2023-11-27,1
315,20,28,2023-12-01,1
316,440,42,2023-08-14,1
317,211,32,2023-07-24,1
318,752,35,2023-11-13,2
319,551,31,2023-12-12,1
320,435,17,2022-07-05,1
321,780,47,2023-10-24,3
322,207,9,2023-08-19,2
323,991,10,2022-10-22,1
324,439,8,2023-12-11,2
325,974,21,2023-11-10,1
326,779,13,2023-12-22,2
327,666,50,2023-08-26,1
328,42,5,2022-07-15,1
329,411,6,2023-11-24,5
330,523,30,2023-10-08,1
331,806,31,2023-07-02,1
332,610,17,2022-06-21,1
333,427,11,2023-10-28,1
334,275,20,2023-09-12,1
335,448,48,2023-04-09,1
336,902,9,2023-03-08,1
337,942,2,2023-06-28,1
338,884,37,2022-10-18,1
339,742,1,2023-08-16,1
340,369,4,2023-09-23,1
341,938,36,2023-12-13,3
342,220,25,2023-08-04,1
343,577,3,2023-08-19,1
344,867,9,2023-08-24,2
345,232,22,2023-12-26,2
346,328,23,2023-02-04,1
347,443,12,2023-01-15,3
348,52,10,2022-09-13,1
349,886,34,2023-12-02,3
350,943,43,2022-10-25,1
351,376,10,2022-07-25,1
352,263,30,2023-09-15,1
353,267,22,2022-11-09,2
354,359,6,2022-12-22,1
355,317,50,2023-10-15,1
356,324,2,2023-07-27,1
357,921,30,2023-11-19,3
358,908,2,2022-10-08,2
359,666,32,2023-12-24,1
360,870,42,2023-07-21,1
361,878,16,2023-08-29,1
362,652,12,2023-02-22,1
363,939,1,2022-10-16,3
364,563,8,2023-10-20,1
365,629,48,2023-06-27,1
366,421,50,2023-02-02,1
367,46,13,2023-11-22,1
368,821,15,2023-04-20,1
369,600,44,2022-11-30,1
370,720,8,2023-01-31,1
371,889,10,2023-07-10,1
372,269,46,2023-06-18,1
373,601,5,2023-12-25,1
374,381,50,2022-10-27,1
375,118,19,2022-12-27,2
376,566,47,2023-04-10,1
377,953,38,2023-02-20,1
378,116,11,2023-06-18,2
379,630,43,2023-12-23,1
380,260,20,2023-10-11,1
381,75,20,2023-10-05,1
382,480,21,2023-01-06,1
383,305,18,2023-05-13,1
384,7,50,2023-09-22,1
385,366,10,2023-04-14,2
386,634,34,2023-10-04,3
387,523,26,2023-11-14,1
388,348,30,2023-09-17,1
389,438,9,2023-09-02,1
390,215,46,2023-10-02,1
391,429,31,2023-07-05,1
392,791,42,2023-12-01,3
393,498,4,2022-03-14,1
394,540,6,2023-11-16,3
395,747,14,2023-02-03,2
396,367,4,2023-12-05,2
397,313,26,2022-08-14,1
398,538,47,2022-12-14,1
399,921,48,2023-06-21,1
400,54,39,2023-05-07,1
401,541,17,2023-07-07,1
402,467,19,2023-12-30,1
403,865,49,2023-01-04,1
404,164,6,2023-06-05,1
405,782,29,2023-12-07,2
406,334,11,2023-06-08,1
407,547,16,2022-09-29,1
408,798,30,2022-07-10,1
409,348,25,2023-11-11,4
410,273,40,2022-12-14,1
411,963,11,2023-09-25,1
412,720,7,2023-03-29,1
413,750,26,2023-12-04,3
414,414,22,2023-11-23,2
415,500,25,2023-08-15,1
416,93,19,2023-11-19,1
417,685,31,2023-12-11,1
418,79,26,2023-07-01,1
419,622,42,2023-06-11,1
420,217,41,2023-11-13,2
421,947,36,2023-11-29,4
422,358,23,2023-07-10,1
423,618,47,2023-11-18,1
424,507,13,2023-12-04,1
425,559,25,2023-09-13,2
426,181,2,2023-10-31,2
427,576,2,2022-07-07,1
428,246,16,2023-08-05,1
429,244,9,2023-12-17,1
430,506,28,2023-11-25,1
431,422,13,2023-11-29,3
432,320,35,2023-11-22,1
433,87,41,2023-11-09,2
434,217,13,2023-10-02,1
435,490,31,2023-06-01,2
436,519,21,2023-12-28,1
437,278,32,2023-10-06,2
438,849,34,2023-08-10,1
439,722,8,2023-11-12,1
440,169,41,2023-11-23,1
441,330,48,2023-05-23,1
442,650,2,2023-09-06,1
443,441,38,2022-09-06,1
444,391,32,2023-12-05,4
445,496,40,2023-10-21,1
446,381,28,2023-03-28,2
447,306,37,2023-09-25,5
448,742,41,2023-01-19,1
449,987,1,2023-12-27,1
450,820,41,2022-12-30,1
451,673,10,2023-11-04,1
452,513,4,2022-07-06,1
453,748,35,2022-08-11,3
454,949,10,2023-12-18,1
455,188,47,2022-10-16,1
456,930,11,2022-07-31,1
457,516,14,2023-09-29,3
458,913,38,2022-12-15,1
459,644,12,2023-11-20,1
460,427,45,2023-08-21,1
461,502,17,2023-09-02,1
462,730,16,2023-11-15,3
463,260,35,2023-12-22,2
464,513,2,2023-11-25,1
465,71,11,2023-07-12,1
466,478,41,2023-06-18,1
467,178,3,2023-10-20,1
468,457,29,2023-11-12,1
469,189,18,2023-05-08,1
470,291,20,2022-05-28,1
471,520,47,2023-08-17,4
472,765,14,2023-11-03,1
473,920,34,2023-11-09,3
474,979,49,2023-05-30,1
475,292,31,2023-06-22,1
476,946,40,2023-12-02,2
477,756,42,2023-01-06,1
478,635,18,2022-11-17,1
479,811,30,2023-12-21,1
480,283,25,2023-07-25,1
481,544,19,2023-02-21,3
482,846,8,2022-07-17,2
483,377,28,2023-06-21,1
484,658,8,2023-10-31,1
485,156,31,2023-12-29,1
486,508,3,2023-06-26,1
487,413,3,2022-11-12,1
488,528,44,2023-08-07,1
489,355,22,2023-09-07,1
490,559,17,2023-03-03,1
491,763,36,2023-06-22,1
492,187,17,2023-08-25,1
493,31,14,2023-11-08,1
494,260,9,2023-12-20,4
495,421,30,2022-12-21,3
496,529,21,2023-11-26,1
497,551,12,2023-12-12,1
498,304,37,2022-10-13,2
499,942,32,2023-02-08,3
500,986,11,2023-03-11,2
501,944,20,2023-09-06,1
502,39,35,2023-09-03,5
503,489,47,2023-01-23,1
504,644,46,2023-11-16,2
505,542,11,2023-08-15,3
506,670,8,2023-03-05,1
507,278,4,2023-06-09,3
508,203,27,2023-12-18,1
509,66,44,2022-11-03,4
510,108,40,2023-09-19,1
511,268,38,2022-05-14,4
512,222,47,2022-07-30,1
513,804,30,2022-07-07,2
514,530,44,2023-11-17,1
515,90,48,2023-09-25,1
516,693,48,2023-12-19,1
517,255,27,2022-11-13,2
518,455,21,2023-11-01,1
519,253,20,2023-09-23,1
520,257,4,2023-12-05,1
521,383,11,2023-09-15,4
522,442,13,2023-06-05,1
523,858,9,2023-01-31,1
524,599,4,2023-10-31,1
525,90,12,2023-09-12,1
526,749,9,2023-07-22,1
527,390,13,2023-08-13,1
528,582,48,2023-10-11,3
529,44,26,2022-07-05,2
530,712,38,2022-05-19,1
531,664,42,2022-08-13,1
532,598,13,2023-10-27,1
533,19,39,2023-12-12,1
534,101,28,2023-11-21,2
535,914,19,2023-12-16,1
536,607,24,2023-12-16,1
537,766,19,2022-04-20,1
538,357,49,2023-02-15,3
539,542,13,2023-10-01,1
540,761,13,2023-07-06,1
541,938,28,2023-07-06,1
542,33,2,2023-09-08,2
543,970,10,2023-05-23,3
544,229,22,2022-12-31,1
545,524,13,2023-12-11,1
546,630,9,2023-12-25,3
547,862,33,2023-11-08,1
548,155,14,2022-11-28,1
549,423,48,2023-11-28,1
550,905,20,2023-03-31,1
551,246,15,2023-08-04,1
552,405,32,2023-05-21,2
553,844,33,2023-12-04,1
554,759,17,2023-12-08,1
555,541,24,2023-09-30,2
556,161,30,2023-10-22,1
557,747,13,2023-05-29,1
558,702,47,2023-10-11,1
559,117,48,2023-04-07,3
560,271,16,2022-06-07,3
561,770,2,2023-05-12,4
562,692,17,2023-04-27,3
563,487,32,2023-10-05,1
564,885,43,2022-12-18,1
565,172,8,2023-06-05,2
566,950,3,2023-10-22,1
567,274,12,2023-05-18,1
568,259,20,2023-04-16,1
569,135,16,2022-09-10,1
570,683,14,2023-11-28,3
571,722,16,2023-04-23,1
572,748,49,2023-03-02,1
573,422,43,2023-04-14,5
574,421,49,2023-02-07,1
575,186,33,2023-01-10,1
576,929,30,2023-09-09,1
577,364,12,2023-12-07,2
578,955,15,2023-11-05,2
579,607,18,2023-11-14,2
580,378,28,2022-07-22,2
581,523,23,2023-10-11,1
582,580,14,2023-12-18,3
583,891,30,2023-08-05,3
584,722,33,2023-03-28,1
585,196,45,2023-11-05,1
586,881,15,2023-06-28,4
587,98,7,2023-10-13,3
588,605,15,2023-08-15,3
589,984,42,2023-01-31,3
590,22,46,2023-08-16,1
591,450,38,2023-12-12,1
592,172,46,2023-12-10,1
593,383,44,2023-04-15,1
594,134,11,2023-05-10,2
595,426,29,2023-04-07,1
596,25,31,2023-12-27,1
597,503,25,2022-11-07,1
598,185,24,2023-03-11,1
599,85,19,2023-10-25,1
600,567,2,2023-08-09,1
601,763,22,2023-09-04,1
602,144,20,2023-08-21,1
603,863,33,2023-12-30,4
604,910,8,2023-04-19,1
605,679,25,2023-06-22,1
606,412,46,2023-06-14,1
607,224,9,2023-03-12,1
608,220,34,2022-09-21,1
609,179,23,2023-09-19,2
610,631,5,2023-07-14,2
611,433,25,2023-12-11,1
612,265,8,2023-11-30,1
613,954,16,2023-10-09,3
614,429,48,2023-04-28,2
615,662,45,2023-12-28,1
616,416,15,2023-10-25,1
617,453,1,2022-12-21,1
618,727,22,2023-05-23,1
619,197,3,2023-06-23,1
620,554,38,2023-12-18,1
621,53,14,2023-03-04,1
622,480,36,2023-05-30,1
623,443,18,2023-03-24,2
624,330,47,2023-03-06,2
625,251,41,2022-12-28,1
626,807,18,2023-09-12,2
627,890,3,2023-01-04,1
628,783,10,2022-07-21,2
629,967,49,2022-11-29,1
630,925,39,2023-09-12,1
631,123,47,2023-06-15,1
632,879,1,2023-01-12,1
633,387,27,2023-12-27,3
634,339,27,2023-11-04,1
635,778,11,2023-04-09,1
636,348,49,2023-09-27,1
637,29,5,2023-08-03,1
638,975,7,2022-07-01,1
639,35,19,2023-05-22,1
640,518,29,2022-11-04,2
641,396,15,2022-12-06,3
642,623,35,2023-06-04,4
643,294,47,2023-12-26,1
644,589,37,2022-11-03,2
645,349,12,2023-08-21,1
646,147,30,2023-08-10,1
647,67,20,2023-11-23,1
648,904,37,2023-09-23,5
649,520,3,2023-11-30,2
650,122,9,2023-11-01,4
651,340,41,2023-10-01,2
652,175,39,2023-09-08,3
653,900,26,2023-10-14,2
654,691,2,2023-11-29,1
655,597,23,2023-12-15,1
656,451,23,2023-08-08,1
657,557,21,2023-12-25,1
658,136,16,2023-05-02,1
659,855,9,2023-12-30,1
660,16,13,2022-09-07,1
661,333,28,2023-10-28,4
662,195,27,2022-05-20,3
663,496,17,2023-11-01,1
664,9,38,2023-12-22,1
665,828,36,2023-10-30,1
666,334,1,2023-01-15,1
667,333,18,2023-12-12,2
668,327,9,2023-03-19,1
669,15,13,2023-09-28,1
670,839,40,2023-09-10,3
671,614,45,2023-12-25,2
672,226,15,2023-11-28,1
673,425,43,2022-08-29,2
674,790,44,2023-06-22,1
675,408,46,2023-12-19,1
676,113,4,2023-09-19,1
677,997,33,2023-11-11,1
678,428,24,2023-12-24,1
679,1,36,2023-12-03,1
680,266,41,2023-11-29,1
681,491,10,2023-02-03,2
682,208,36,2023-12-19,1
683,622,20,2022-08-17,1
684,712,41,2023-12-16,2
685,952,45,2023-11-19,1
686,369,44,2023-12-07,3
687,985,11,2023-03-10,1
688,306,12,2023-06-13,1
689,12,18,2023-11-10,1
690,345,30,2023-10-13,1
691,465,44,2023-12-20,1
692,700,48,2023-03-12,1
693,666,37,2023-10-10,1
694,494,20,2023-12-03,1
695,368,25,2023-12-21,1
696,846,12,2022-10-07,1
697,937,21,2023-12-14,1
698,420,25,2023-09-15,1
699,889,11,2023-11-08,1
700,791,9,2023-08-07,1
701,171,50,2023-11-05,2
702,134,25,2022-04-22,1
703,965,35,2023-11-05,2
704,427,32,2023-08-14,1
705,25,49,2023-12-25,1
706,530,14,2023-12-27,1
707,190,1,2022-10-17,2
708,141,17,2023-11-06,1
709,555,25,2023-10-01,1
710,846,8,2022-09-21,1
711,796,5,2023-03-27,1
712,658,5,2022-12-29,1
713,315,41,2023-08-08,1
714,444,35,2023-05-06,1
715,319,19,2023-05-27,1
716,441,23,2023-11-19,1
717,92,9,2023-07-09,2
718,179,30,2023-09-29,2
719,56,50,2023-05-06,1
720,155,16,2023-02-22,1
721,672,33,2023-08-31,3
722,111,2,2023-09-28,1
723,137,14,2023-11-17,1
724,232,46,2023-12-30,2
725,992,1,2023-12-06,1
726,468,26,2023-10-21,1
727,732,25,2023-10-28,3
728,481,16,2023-07-19,1
729,68,15,2023-02-28,2
730,814,26,2023-04-25,2
731,249,47,2023-11-06,4
732,994,44,2022-11-15,1
733,323,16,2023-11-28,1
734,922,14,2023-07-07,1
735,904,29,2023-03-15,1
736,518,24,2023-12-19,1
737,976,47,2022-11-10,1
738,792,15,2023-08-27,1
739,432,19,2022-07-17,1
740,487,8,2023-09-27,1
741,606,34,2022-10-23,2
742,429,2,2023-09-09,2
743,269,27,2023-07-25,3
744,709,10,2023-11-09,1
745,537,35,2023-07-07,4
746,148,23,2023-07-16,3
747,118,49,2023-09-26,1
748,850,8,2023-08-13,1
749,367,28,2023-09-20,1
750,850,23,2023-12-13,1
751,66,4,2023-03-02,1
752,970,14,2023-02-24,1
753,813,42,2023-11-16,2
754,370,29,2022-08-21,1
755,175,1,2023-11-27,1
756,831,4,2023-01-15,3
757,588,32,2023-09-29,1
758,495,33,2023-12-29,4
759,973,49,2023-07-02,1
760,114,26,2023-02-19,4
761,111,17,2023-08-12,1
762,761,39,2023-03-10,1
763,439,23,2023-10-05,1
764,715,32,2022-12-24,2
765,147,15,2023-09-21,3
766,35,13,2023-11-12,1
767,999,2,2023-06-18,3
768,309,19,2023-09-19,1
769,538,24,2023-01-22,1
770,750,45,2023-11-26,2
771,14,24,2022-04-22,1
772,374,11,2023-08-17,1
773,557,22,2023-08-10,3
774,428,15,2023-12-28,3
775,728,10,2023-12-09,4
776,233,41,2023-12-15,3
777,705,27,2023-07-10,1
778,563,9,2023-11-11,2
779,939,28,2022-10-17,1
780,887,1,2023-12-02,5
781,726,17,2023-08-04,1
782,663,31,2022-10-25,1
783,440,44,2023-08-30,1
784,502,10,2023-10-03,1
785,275,37,2023-12-28,1
786,850,29,2023-12-29,3
787,76,18,2022-12-02,2
788,439,47,2023-12-10,1
789,732,38,2022-03-05,2
790,860,39,2023-05-27,1
791,956,49,2023-05-06,1
792,699,6,2023-12-12,1
793,289,40,2023-10-29,3
794,915,12,2023-02-25,2
795,540,14,2023-10-10,1
796,891,44,2022-12-07,1
797,692,10,2023-07-07,1
798,253,20,2023-06-23,1
799,126,15,2023-11-08,1
800,177,31,2023-10-08,1
801,37,7,2023-12-13,1
802,410,41,2023-01-05,3
803,611,10,2023-09-16,1
804,610,10,2023-11-25,1
805,127,48,2023-09-26,1
806,483,39,2023-05-12,3
807,168,28,2023-02-01,2
808,592,30,2023-10-11,3
809,294,37,2023-09-04,1
810,845,3,2023-12-11,2
811,638,50,2023-06-20,1
812,343,43,2023-04-14,1
813,310,15,2023-11-19,1
814,662,21,2023-12-26,1
815,528,37,2023-05-27,3
816,540,12,2023-07-01,3
817,419,4,2022-04-09,1
818,444,47,2023-11-30,1
819,685,9,2023-11-07,1
820,558,39,2023-01-16,1
821,840,42,2023-12-28,1
822,236,28,2022-06-24,3
823,439,23,2023-12-30,4
824,214,45,2023-11-12,1
825,85,40,2022-12-31,2
826,794,44,2023-01-27,1
827,744,22,2022-07-04,1
828,85,24,2022-12-19,1
829,921,26,2023-06-06,1
830,489,30,2023-08-20,2
831,65,33,2023-11-18,1
832,646,16,2023-12-08,1
833,663,22,2023-03-19,1
834,627,49,2023-09-13,4
835,64,50,2022-10-01,1
836,343,43,2023-05-17,2
837,939,18,2023-05-28,2
838,875,7,2022-12-18,1
839,919,50,2023-03-13,1
840,352,26,2022-10-22,3
841,158,8,2023-06-04,1
842,589,6,2023-10-27,3
843,491,30,2023-07-05,1
844,658,39,2022-12-23,1
845,855,23,2023-12-30,3
846,463,32,2022-04-19,2
847,225,22,2023-10-12,5
848,917,42,2023-07-14,1
849,313,43,2022-08-11,3
850,615,45,2023-09-04,2
851,919,9,2022-04-24,2
852,859,31,2023-03-15,1
853,813,7,2023-11-10,1
854,940,9,2022-10-29,3
855,466,13,2023-05-07,1
856,88,3,2022-08-03,1
857,883,35,2023-02-21,1
858,303,33,2023-10-03,1
859,680,21,2023-10-29,1
860,435,31,2022-10-22,1
861,682,34,2023-12-23,3
862,135,32,2023-08-16,1
863,50,35,2023-12-01,1
864,432,15,2022-04-30,1
865,340,32,2023-12-17,1
866,347,6,2023-11-10,1
867,646,45,2022-10-18,2
868,347,21,2023-11-21,1
869,649,33,2023-02-07,3
870,245,32,2023-10-09,1
871,109,19,2023-09-11,1
872,825,33,2023-11-26,1
873,799,28,2023-12-15,1
874,533,31,2023-06-22,2
875,90,21,2022-11-03,3
876,296,34,2023-11-22,1
877,112,15,2023-11-21,1
878,813,14,2023-06-21,1
879,589,19,2023-04-04,1
880,177,43,2022-10-17,4
881,343,15,2022-03-30,1
882,660,6,2023-12-19,2
883,101,9,2023-05-02,1
884,758,37,2023-10-02,1
885,629,20,2023-05-01,1
886,604,34,2023-04-11,1
887,401,38,2023-11-02,2
888,28,26,2023-06-15,1
889,937,18,2023-12-21,2
890,962,28,2022-03-19,1
891,537,9,2023-11-12,4
892,58,32,2023-11-30,1
893,498,6,2023-09-09,3
894,297,14,2022-12-08,2
895,134,28,2022-07-15,4
896,331,24,2023-05-04,1
897,249,13,2023-12-01,2
898,550,43,2023-01-24,1
899,902,12,2023-11-15,1
900,941,19,2023-10-29,1
901,75,21,2023-05-12,1
902,654,27,2023-12-01,5
903,834,19,2023-10-06,1
904,168,24,2022-10-27,1
905,771,26,2023-03-26,1
906,503,45,2023-06-24,1
907,885,28,2023-05-23,1
908,355,46,2022-12-22,1
909,225,18,2023-12-26,1
910,664,44,2023-08-27,1
911,531,36,2023-09-09,3
912,146,42,2023-09-01,2
913,960,29,2023-12-13,4
914,241,17,2023-06-11,1
915,884,4,2022-08-06,1
916,893,44,2023-04-28,1
917,344,45,2023-11-26,1
918,749,29,2023-05-11,1
919,35,4,2023-09-23,1
920,702,10,2023-07-28,1
921,1,25,2023-11-18,1
922,996,31,2023-11-30,3
923,153,3,2023-11-30,1
924,429,47,2023-09-12,1
925,945,2,2022-07-10,1
926,508,25,2023-06-14,1
927,126,49,2023-10-21,1
928,491,6,2023-11-27,1
929,482,26,2023-07-04,1
930,345,8,2022-07-09,3
931,912,35,2023-12-16,2
932,738,27,2023-02-15,1
933,221,25,2022-10-26,1
934,915,18,2022-06-24,1
935,919,1,2023-01-08,2
936,723,48,2023-10-01,1
937,25,39,2023-12-30,1
938,528,3,2023-06-15,1
939,182,4,2023-11-13,1
940,499,41,2023-08-17,2
941,841,37,2023-10-01,1
942,641,15,2023-06-13,1
943,42,8,2022-10-08,1
944,915,38,2022-09-25,1
945,481,50,2022-09-23,3
946,930,19,2023-08-08,3
947,848,47,2023-03-11,1
948,748,26,2023-03-06,1
949,872,39,2023-04-01,1
950,439,10,2023-08-31,1
951,402,38,2023-11-15,1
952,546,14,2022-12-01,1
953,345,49,2022-05-06,1
954,893,41,2023-03-21,1
955,45,19,2023-06-10,1
956,646,30,2023-06-29,2
957,21,5,2023-03-11,1
958,634,31,2023-11-30,2
959,70,7,2022-12-29,1
960,864,19,2022-09-25,1
961,873,31,2023-06-17,2
962,48,39,2023-02-21,1
963,491,24,2023-06-26,2
964,551,34,2023-11-28,1
965,287,23,2023-12-24,1
966,10,48,2023-10-05,1
967,542,45,2023-07-06,1
968,756,40,2022-11-22,1
969,274,6,2023-07-25,1
970,956,38,2023-06-12,1
971,600,41,2023-09-01,1
972,756,36,2023-10-05,1
973,381,27,2023-06-01,1
974,329,11,2023-09-11,1
975,479,5,2023-06-16,1
976,15,17,2022-08-10,2
977,516,7,2023-12-04,2
978,191,27,2023-12-09,1
979,168,47,2023-04-30,4
980,521,15,2023-06-17,1
981,621,46,2023-08-27,3
982,137,13,2023-10-15,2
983,154,11,2023-10-20,2
984,388,45,2023-11-06,1
985,209,26,2023-12-21,1
986,272,22,2023-07-17,1
987,143,28,2023-05-02,2
988,611,24,2023-12-16,1
989,889,29,2023-05-05,2
990,820,9,2023-03-26,1
991,69,42,2022-10-18,2
992,247,4,2022-08-05,1
993,261,49,2023-08-11,1
994,788,46,2023-08-13,1
995,79,18,2023-06-12,1
996,658,43,2023-04-10,1
997,623,16,2023-09-22,2
998,770,33,2023-08-26,1
999,605,29,2022-12-01,1
1000,525,39,2023-12-16,2
1001,772,10,2023-07-17,1
1002,938,9,2023-05-27,3
1003,621,31,2023-05-04,5
1004,330,28,2023-03-20,1
1005,189,3,2023-11-20,1
1006,95,14,2023-12-12,1
1007,617,25,2022-11-29,2
1008,8,15,2022-06-12,1
1009,67,2,2022-12-01,1
1010,496,24,2023-12-22,2
1011,191,14,2023-11-15,1
1012,366,48,2023-01-17,2
1013,768,7,2023-12-22,2
1014,521,36,2023-11-28,1
1015,990,50,2023-06-30,3
1016,117,24,2022-06-27,2
1017,267,27,2022-09-04,1
1018,611,37,2023-10-22,1
1019,485,38,2022-08-21,1
1020,509,30,2023-01-21,1
1021,298,27,2023-03-21,4
1022,909,39,2023-02-05,1
1023,164,15,2023-10-30,1
1024,376,26,2023-05-26,1
1025,653,1,2023-05-28,1
1026,268,4,2023-03-31,3
1027,549,29,2023-12-18,3
1028,74,1,2023-10-17,1
1029,508,43,2023-10-25,1
1030,73,50,2023-06-27,1
1031,308,46,2023-12-29,1
1032,199,22,2023-11-30,1
1033,130,11,2023-06-06,1
1034,758,10,2023-09-18,4
1035,824,17,2023-08-26,1
1036,572,36,2023-11-01,3
1037,791,47,2022-07-30,1
1038,615,26,2023-10-28,1
1039,808,48,2023-11-21,3
1040,832,21,2023-08-17,1
1041,487,13,2023-05-12,3
1042,853,9,2023-10-16,1
1043,151,11,2023-12-15,1
1044,669,11,2023-06-25,3
1045,206,6,2023-05-07,1
1046,986,1,2022-11-05,3
1047,179,6,2023-08-14,3
1048,197,13,2023-10-02,1
1049,735,22,2023-09-16,1
1050,89,31,2023-10-08,1
1051,799,22,2023-05-19,1
1052,434,37,2023-12-17,2
1053,788,47,2023-07-26,1
1054,748,27,2023-08-09,1
1055,183,50,2023-07-09,2
1056,209,14,2023-12-27,1
1057,493,47,2023-08-18,2
1058,130,5,2023-10-06,1
1059,665,36,2023-06-11,3
1060,13,32,2023-05-10,1
1061,634,34,2023-06-10,1
1062,871,7,2023-07-16,1
1063,732,42,2023-04-27,1
1064,106,48,2022-12-29,4
1065,375,10,2023-09-29,1
1066,582,50,2023-07-25,2
1067,707,17,2023-03-24,1
1068,698,30,2023-12-29,1
1069,99,21,2023-12-30,1
1070,594,13,2023-10-28,1
1071,587,1,2023-07-26,1
1072,886,1,2023-04-23,1
1073,852,47,2023-12-11,3
1074,192,33,2023-10-06,1
1075,325,38,2023-10-15,1
1076,979,25,2023-09-02,1
1077,726,26,2023-06-26,1
1078,827,13,2023-04-14,3
1079,956,28,2023-10-31,1
1080,467,33,2023-12-27,1
1081,894,37,2023-09-18,1
1082,367,41,2023-10-17,1
1083,318,30,2023-11-17,1
1084,144,49,2023-05-20,1
1085,384,48,2023-08-11,1
1086,216,8,2023-07-05,1
1087,361,49,2023-11-09,2
1088,324,47,2023-07-03,1
1089,15,1,2023-06-20,3
1090,217,12,2023-06-20,1
1091,492,5,2023-12-04,2
1092,951,24,2023-05-30,1
1093,547,6,2023-07-28,1
1094,183,25,2023-09-12,1
1095,270,1,2023-09-22,1
1096,945,25,2022-09-11,1
1097,467,1,2023-12-26,1
1098,870,32,2023-08-12,1
1099,612,42,2022-09-15,1
1100,519,42,2023-12-29,1
1101,542,3,2023-09-08,2
1102,467,49,2023-12-17,1
1103,305,19,2023-11-07,1
1104,985,43,2023-09-23,1
1105,144,29,2023-08-23,1
1106,111,50,2022-10-20,1
1107,232,2,2023-12-27,2
1108,691,9,2023-12-23,1
1109,584,17,2023-02-07,1
1110,722,46,2022-10-19,1
1111,732,36,2023-04-25,1
1112,592,17,2023-05-04,3
1113,500,49,2023-09-08,3
1114,595,12,2023-08-27,1
1115,554,20,2023-11-02,1
1116,273,50,2022-11-24,1
1117,703,3,2023-11-26,1
1118,173,43,2023-12-06,1
1119,973,50,2022-12-30,2
1120,7,4,2022-10-02,1
1121,155,17,2023-05-10,1
1122,522,50,2023-10-23,1
1123,546,37,2022-07-06,2
1124,548,46,2023-05-09,1
1125,921,42,2023-07-11,2
1126,518,15,2022-07-21,1
1127,920,33,2023-10-27,1
1128,914,16,2023-12-18,3
1129,215,11,2023-04-10,3
1130,134,20,2023-01-14,1
1131,285,38,2023-09-13,1
1132,126,24,2023-11-17,2
1133,921,16,2023-07-11,1
1134,439,30,2023-10-31,1
1135,849,34,2023-12-18,3
1136,686,1,2023-07-26,1
1137,152,24,2023-01-09,1
1138,331,24,2023-01-27,1
1139,538,9,2023-10-04,1
1140,383,22,2023-08-12,1
1141,115,12,2023-11-06,1
1142,894,17,2023-11-15,1
1143,482,25,2023-01-19,1
1144,284,28,2023-12-28,1
1145,899,15,2022-10-21,1
1146,75,30,2023-09-23,3
1147,166,27,2022-12-21,1
1148,189,22,2023-10-28,5
1149,78,10,2023-10-23,1
1150,947,31,2023-05-20,2
1151,602,27,2023-04-26,1
1152,688,12,2023-12-03,1
1153,21,46,2023-10-29,3
1154,566,31,2023-11-29,3
1155,184,32,2023-10-01,1
1156,871,32,2023-09-22,2
1157,222,41,2023-10-05,1
1158,827,45,2023-02-14,3
1159,328,35,2022-03-29,1
1160,179,46,2023-07-18,1
1161,788,21,2023-04-07,1
1162,112,10,2023-12-14,1
1163,736,16,2023-09-16,3
1164,726,7,2023-11-15,1
1165,59,4,2023-05-21,1
1166,327,27,2023-01-12,1
1167,905,25,2023-08-23,1
1168,621,31,2023-11-12,1
1169,897,11,2023-08-29,1
1170,669,48,2023-10-03,3
1171,191,20,2023-08-11,1
1172,200,36,2023-09-06,1
1173,312,17,2023-12-18,2
1174,708,45,2023-10-06,1
1175,35,11,2023-08-10,3
1176,379,30,2023-05-13,2
1177,387,35,2023-10-20,1
1178,758,41,2023-08-10,1
1179,237,38,2022-12-03,1
1180,616,22,2023-08-15,1
1181,519,43,2023-12-27,3
1182,283,48,2022-05-19,1
1183,1,27,2023-11-06,1
1184,731,37,2023-08-17,1
1185,464,46,2023-09-01,1
1186,230,49,2023-05-18,1
1187,967,35,2023-11-23,3
1188,172,4,2023-07-26,1
1189,87,16,2023-11-25,1
1190,553,16,2023-12-09,1
1191,123,21,2022-12-09,2
1192,843,26,2022-11-27,1
1193,298,36,2023-07-28,3
1194,885,19,2023-11-30,1
1195,929,17,2023-12-11,3
1196,690,45,2023-08-11,1
1197,575,26,2023-12-01,1
1198,484,22,2023-11-15,1
1199,165,28,2023-12-08,1
1200,699,1,2023-12-20,1
1201,383,44,2023-12-13,1
1202,209,36,2023-12-25,1
1203,739,43,2023-11-05,1
1204,432,37,2023-03-17,3
1205,389,2,2023-08-26,1
1206,560,17,2023-06-16,3
1207,224,40,2022-05-27,1
1208,3,38,2022-10-26,1
1209,372,21,2023-10-28,1
1210,687,9,2023-09-15,1
1211,446,13,2023-03-22,4
1212,611,11,2023-04-30,1
1213,116,16,2023-05-10,3
1214,270,16,2023-05-11,3
1215,447,2,2023-03-10,1
1216,368,42,2023-12-16,3
1217,253,44,2023-09-23,1
1218,317,8,2023-10-19,4
1219,415,43,2022-09-15,2
1220,95,42,2023-11-28,1
1221,785,13,2023-09-26,3
1222,892,17,2023-11-11,1
1223,24,39,2023-12-07,1
1224,628,24,2023-02-26,1
1225,663,3,2023-09-02,1
1226,850,30,2023-09-01,1
1227,50,13,2023-12-27,2
1228,502,19,2023-12-27,1
1229,718,7,2023-06-14,1
1230,498,9,2023-06-23,1
1231,335,19,2023-12-12,1
1232,79,45,2023-12-25,2
1233,582,40,2022-12-21,2
1234,27,22,2023-04-21,3
1235,271,18,2023-05-29,1
1236,562,23,2023-11-30,1
1237,804,2,2023-09-17,3
1238,247,50,2023-01-17,2
1239,776,50,2023-11-01,1
1240,591,11,2023-10-07,1
1241,387,31,2023-11-03,3
1242,702,33,2023-05-06,2
1243,559,14,2022-12-03,1
1244,973,16,2023-04-11,2
1245,361,11,2023-12-25,1
1246,866,33,2023-12-19,1
1247,984,7,2023-12-04,1
1248,488,31,2023-09-22,1
1249,352,48,2023-05-23,1
1250,701,46,2023-04-07,1
1251,928,47,2023-06-17,1
1252,256,14,2022-04-18,2
1253,222,28,2022-06-25,5
1254,884,43,2023-10-01,1
1255,753,16,2022-10-19,1
1256,781,19,2023-12-30,3
1257,1,17,2023-11-19,1
1258,546,26,2023-05-20,2
1259,446,6,2023-08-03,2
1260,79,43,2023-08-12,1
1261,236,49,2022-04-26,3
1262,334,9,2023-04-25,2
1263,889,50,2022-08-30,1
1264,349,17,2023-12-25,1
1265,98,31,2023-05-27,1
1266,82,12,2023-12-23,1
1267,502,23,2023-11-18,1
1268,967,5,2023-05-27,1
1269,477,43,2022-10-07,1
1270,927,36,2023-03-24,3
1271,704,36,2023-12-03,1
1272,765,3,2023-12-09,1
1273,921,24,2023-11-14,1
1274,550,17,2023-11-01,1
1275,14,39,2022-11-15,1
1276,392,26,2023-12-28,1
1277,347,4,2023-12-18,1
1278,310,45,2023-12-18,2
1279,386,12,2023-01-05,5
1280,209,1,2023-12-12,1
1281,357,21,2022-11-17,1
1282,974,19,2023-10-28,1
1283,601,21,2023-12-26,2
1284,568,18,2023-09-18,1
1285,94,43,2023-07-16,3
1286,93,3,2023-07-30,1
1287,340,49,2023-10-01,1
1288,597,44,2023-05-13,1
1289,445,32,2023-02-21,4
1290,757,10,2023-11-17,2
1291,22,40,2023-12-06,1
1292,291,15,2023-05-22,1
1293,485,5,2023-12-11,1
1294,784,4,2023-08-13,1
1295,306,28,2022-11-12,2
1296,634,4,2023-04-21,2
1297,128,15,2023-03-17,2
1298,625,17,2023-12-27,5
1299,939,44,2023-05-12,1
1300,273,3,2023-11-13,3
1301,848,10,2023-11-13,2
1302,442,47,2023-11-05,1
1303,503,42,2022-12-14,2
1304,130,23,2023-10-31,1
1305,132,18,2023-06-25,2
1306,597,1,2023-08-15,1
1307,935,35,2023-11-03,1
1308,482,31,2022-11-08,1
1309,862,44,2023-09-08,1
1310,390,1,2023-10-02,1
1311,593,3,2023-11-07,1
1312,999,3,2023-08-12,1
1313,985,37,2023-06-25,1
1314,325,19,2023-08-24,3
1315,69,29,2023-05-13,3
1316,660,25,2023-12-28,1
1317,448,33,2023-10-01,2
1318,528,36,2023-11-23,1
1319,819,29,2023-10-27,2
1320,617,26,2022-12-24,1
1321,165,4,2023-09-26,1
1322,488,49,2023-12-04,1
1323,713,14,2023-10-23,1
1324,709,50,2023-11-03,2
1325,426,27,2023-09-14,2
1326,697,33,2023-11-20,1
1327,834,22,2022-11-26,1
1328,265,48,2023-11-27,3
1329,875,3,2023-09-29,2
1330,612,23,2023-01-17,1
1331,342,21,2023-12-11,1
1332,832,41,2022-08-02,1
1333,726,23,2023-11-25,1
1334,278,4,2023-11-06,1
1335,674,21,2023-06-18,1
1336,439,37,2023-10-17,3
1337,157,43,2023-12-19,1
1338,422,31,2022-07-05,5
1339,251,21,2023-07-01,2
1340,878,26,2023-12-11,3
1341,609,41,2022-06-29,1
1342,530,35,2023-12-15,2
1343,327,38,2023-07-05,1
1344,961,24,2023-10-16,1
1345,895,11,2023-12-13,1
1346,97,41,2023-09-25,1
1347,513,29,2022-05-31,3
1348,216,47,2023-05-20,3
1349,132,3,2023-07-08,1
1350,260,1,2023-03-19,1
1351,125,19,2023-10-26,1
1352,82,46,2023-12-25,1
1353,283,49,2023-05-21,2
1354,683,22,2023-01-18,1
1355,59,14,2023-08-05,3
1356,544,49,2023-10-18,1
1357,161,14,2023-01-05,1
1358,284,44,2023-10-26,1
1359,106,16,2023-06-15,1
1360,105,33,2023-12-25,1
1361,439,13,2023-12-18,2
1362,228,38,2023-12-15,2
1363,700,49,2023-03-22,1
1364,582,12,2023-12-06,1
1365,318,38,2023-08-14,1
1366,464,39,2023-12-16,1
1367,802,33,2023-07-31,1
1368,599,33,2023-11-04,1
1369,882,29,2023-07-30,2
1370,874,5,2023-11-17,2
1371,472,6,2023-10-11,3
1372,56,31,2023-05-08,1
1373,625,16,2023-09-16,3
1374,13,31,2023-06-05,1
1375,440,25,2023-11-14,1
1376,18,48,2023-12-07,4
1377,694,46,2023-09-26,1
1378,973,33,2023-06-12,1
1379,113,13,2023-10-13,2
1380,229,10,2023-02-11,3
1381,171,24,2023-11-19,2
1382,295,10,2023-10-16,1
1383,189,41,2023-07-09,1
1384,426,31,2023-07-05,5
1385,977,13,2022-09-12,1
1386,79,3,2023-05-15,1
1387,658,50,2023-06-06,1
1388,919,34,2022-11-14,1
1389,182,49,2023-03-23,1
1390,499,28,2023-02-27,1
1391,798,19,2023-02-08,1
1392,762,23,2023-01-15,1
1393,866,45,2023-12-25,1
1394,826,32,2023-12-17,1
1395,708,13,2023-10-09,2
1396,835,33,2023-09-01,1
1397,71,34,2023-07-22,1
1398,248,33,2023-12-29,3
1399,146,5,2023-12-20,1
1400,618,3,2023-10-03,1
1401,775,7,2023-12-18,1
1402,296,24,2023-06-08,2
1403,582,22,2023-09-29,3
1404,470,45,2023-12-21,3
1405,506,23,2023-10-21,2
1406,193,30,2023-05-07,1
1407,68,18,2023-03-11,1
1408,494,32,2023-04-29,1
1409,817,7,2023-04-24,1
1410,52,33,2022-06-20,2
1411,882,5,2023-01-19,1
1412,363,49,2023-05-24,1
1413,797,28,2023-08-13,2
1414,917,8,2023-09-08,1
1415,474,15,2023-12-12,1
1416,846,4,2022-12-16,1
1417,521,34,2023-05-07,1
1418,763,5,2023-03-04,1
1419,431,33,2022-08-04,1
1420,844,5,2023-10-29,1
1421,298,38,2023-07-03,2
1422,435,34,2023-12-29,3
1423,696,26,2023-06-22,1
1424,691,1,2022-10-22,1
1425,198,4,2022-08-31,2
1426,128,39,2023-11-17,3
1427,532,26,2023-12-15,1
1428,984,33,2022-10-06,1
1429,411,33,2023-08-03,2
1430,934,8,2022-05-07,1
1431,840,20,2023-12-30,1
1432,65,16,2023-12-12,1
1433,694,21,2023-07-09,1
1434,241,45,2023-07-24,1
1435,369,26,2023-09-28,1
1436,536,23,2022-11-30,3
1437,384,18,2023-08-05,1
1438,431,31,2023-03-09,1
1439,967,42,2023-07-09,1
1440,83,12,2023-12-23,3
1441,982,1,2023-08-25,1
1442,831,42,2023-01-19,1
1443,697,9,2023-11-24,1
1444,951,3,2023-09-18,2
1445,828,26,2023-02-19,1
1446,611,9,2023-03-14,1
1447,574,42,2022-12-01,1
1448,286,16,2023-06-01,3
1449,989,24,2023-12-28,1
1450,534,50,2023-12-11,2
1451,459,14,2023-07-30,3
1452,212,3,2023-05-26,3
1453,126,34,2023-11-02,1
1454,413,33,2023-02-26,4
1455,499,50,2023-02-15,1
1456,425,24,2022-08-14,1
1457,554,9,2023-08-28,3
1458,610,13,2023-11-28,1
1459,961,2,2023-10-27,1
1460,543,7,2023-12-16,1
1461,158,48,2022-10-21,1
1462,112,21,2023-11-29,1
1463,402,19,2023-12-08,2
1464,759,25,2023-10-05,3
1465,122,47,2023-07-15,1
1466,273,22,2023-08-26,1
1467,294,11,2023-11-01,3
1468,398,33,2022-11-05,1
1469,471,32,2023-12-24,1
1470,985,21,2023-11-17,1
1471,207,39,2022-09-12,1
1472,110,20,2022-11-23,1
1473,440,8,2023-10-04,1
1474,278,42,2023-12-24,1
1475,963,37,2023-12-03,1
1476,568,9,2023-05-22,1
1477,887,25,2023-09-26,2
1478,915,25,2023-02-25,2
1479,569,33,2023-11-16,1
1480,940,2,2023-12-10,1
1481,482,19,2023-05-12,4
1482,803,46,2023-12-29,1
1483,114,20,2023-04-19,3
1484,893,42,2023-12-20,1
1485,897,41,2023-07-02,3
1486,820,42,2023-06-09,1
1487,853,29,2023-07-11,1
1488,477,6,2023-02-06,2
1489,710,17,2023-11-17,1
1490,933,25,2023-08-11,1
1491,321,38,2022-08-13,1
1492,179,4,2023-10-23,2
1493,897,30,2023-09-13,1
1494,219,20,2023-01-22,1
1495,789,3,2023-12-24,1
1496,949,23,2023-09-26,1
1497,528,18,2023-03-25,1
1498,492,26,2023-12-01,1
1499,891,36,2023-09-18,1
1500,61,8,2023-05-14,1
1501,54,17,2023-10-24,1
1502,680,31,2023-10-23,1
1503,538,37,2023-12-05,1
1504,848,45,2023-05-30,1
1505,988,33,2023-01-14,4
1506,65,27,2023-12-18,1
1507,612,45,2023-10-25,2
1508,586,4,2023-10-07,1
1509,704,22,2023-11-20,1
1510,171,26,2023-12-10,1
1511,273,32,2023-12-25,1
1512,889,24,2023-06-09,4
1513,699,46,2023-12-02,3
1514,535,35,2023-06-22,2
1515,391,37,2023-12-27,1
1516,940,32,2022-09-07,1
1517,693,7,2023-06-25,1
1518,327,33,2022-11-01,3
1519,108,31,2023-12-06,1
1520,847,12,2023-02-17,1
1521,162,11,2023-08-15,1
1522,814,24,2023-03-26,1
1523,452,8,2023-11-30,3
1524,206,32,2023-09-22,1
1525,590,38,2022-09-24,1
1526,16,22,2023-07-07,1
1527,327,34,2023-03-11,2
1528,608,19,2023-12-16,1
1529,659,20,2023-07-01,2
1530,2,14,2023-12-12,1
1531,10,33,2023-12-06,3
1532,434,10,2023-12-09,2
1533,125,16,2023-07-26,1
1534,81,4,2023-08-31,1
1535,485,27,2023-07-20,1
1536,652,28,2023-11-29,1
1537,838,43,2023-02-11,3
1538,150,16,2022-03-16,1
1539,800,33,2023-12-13,1
1540,873,48,2023-05-11,1
1541,340,19,2023-05-06,1
1542,129,21,2023-01-17,3
1543,438,22,2023-04-05,1
1544,751,9,2023-06-17,4
1545,501,9,2023-11-28,3
1546,58,9,2023-12-25,1
1547,198,27,2023-03-26,1
1548,211,17,2023-11-04,3
1549,914,44,2023-12-17,1
1550,902,45,2023-11-28,1
1551,45,8,2023-06-03,1
1552,97,16,2023-10-27,1
1553,279,18,2023-02-18,2
1554,535,33,2022-12-18,1
1555,410,1,2022-12-05,1
1556,461,12,2023-11-02,3
1557,391,6,2023-11-24,2
1558,847,41,2023-04-25,1
1559,44,5,2023-12-21,2
1560,27,16,2023-09-13,1
1561,794,18,2023-07-16,2
1562,97,49,2023-12-12,1
1563,975,18,2023-07-13,1
1564,548,1,2023-12-07,2
1565,621,19,2023-08-02,1
1566,567,8,2023-11-03,5
1567,704,3,2023-10-31,1
1568,219,25,2022-07-26,3
1569,185,5,2023-10-15,3
1570,69,40,2023-04-12,1
1571,829,19,2023-07-24,2
1572,130,18,2023-05-27,1
1573,567,50,2023-05-11,3
1574,890,31,2022-11-07,1
1575,609,33,2022-03-10,2
1576,848,47,2023-11-28,1
1577,599,18,2023-12-20,1
1578,806,39,2023-01-23,1
1579,631,16,2023-10-25,1
1580,720,16,2023-10-25,2
1581,334,47,2022-08-11,1
1582,925,38,2023-03-09,1
1583,154,41,2023-09-25,1
1584,547,7,2023-12-30,1
1585,79,14,2023-10-29,1
1586,579,43,2023-11-18,2
1587,855,48,2023-12-30,5
1588,413,25,2023-09-17,1
1589,546,32,2023-12-29,1
1590,609,38,2023-05-21,1
1591,169,22,2023-10-14,1
1592,681,16,2023-06-13,1
1593,663,29,2023-03-24,2
1594,583,16,2022-06-01,1
1595,515,12,2023-12-08,2
1596,314,17,2023-01-06,1
1597,32,37,2023-06-16,1
1598,287,27,2023-04-22,1
1599,594,25,2023-11-15,1
1600,43,13,2023-11-09,1
1601,903,8,2022-08-31,3
1602,617,5,2023-09-16,1
1603,1,12,2023-12-15,2
1604,573,41,2023-10-19,1
1605,270,3,2023-05-20,1
1606,180,35,2022-01-23,1
1607,736,33,2023-03-08,1
1608,518,22,2022-11-02,1
1609,103,50,2022-02-05,1
1610,10,44,2023-09-06,1
1611,583,9,2023-11-19,1
1612,90,41,2022-10-15,1
1613,226,18,2023-08-02,1
1614,670,50,2023-10-04,1
1615,740,29,2023-01-29,3
1616,917,39,2023-11-13,1
1617,126,27,2023-09-06,2
1618,956,36,2023-08-05,1
1619,209,45,2023-12-09,2
1620,97,17,2023-08-11,1
1621,74,34,2023-12-12,3
1622,627,46,2023-09-06,1
1623,191,3,2023-10-16,2
1624,682,5,2023-07-24,1
1625,819,14,2022-09-30,1
1626,960,3,2023-09-09,1
1627,716,23,2023-11-19,1
1628,56,39,2023-05-07,1
1629,720,30,2023-08-07,1
1630,553,50,2023-11-19,1
1631,32,45,2023-01-28,4
1632,527,23,2023-07-19,1
1633,574,27,2022-09-13,2
1634,667,10,2023-11-19,1
1635,284,25,2023-06-06,1
1636,721,13,2023-11-01,3
1637,832,16,2023-06-27,3
1638,494,41,2023-04-15,2
1639,187,34,2023-02-10,1
1640,498,37,2023-08-02,1
1641,442,22,2023-10-04,1
1642,130,17,2023-11-14,1
1643,639,23,2022-11-15,1
1644,292,36,2023-09-07,2
1645,114,49,2023-06-04,3
1646,199,9,2023-12-30,1
1647,13,2,2023-03-10,1
1648,271,32,2022-05-15,3
1649,601,50,2023-12-24,1
1650,215,22,2023-09-12,1
1651,444,43,2023-08-23,1
1652,790,13,2023-08-20,1
1653,512,8,2023-10-22,5
1654,447,1,2023-03-05,1
1655,986,17,2023-12-18,1
1656,993,12,2022-12-23,1
1657,715,4,2023-01-27,3
1658,74,13,2023-12-10,3
1659,537,31,2023-08-31,1
1660,101,41,2022-08-04,1
1661,176,7,2023-06-08,1
1662,427,23,2023-09-05,1
1663,117,24,2022-09-19,1
1664,166,5,2022-08-03,1
1665,41,5,2023-06-18,1
1666,429,17,2023-03-22,1
1667,344,30,2023-10-27,1
1668,424,9,2023-01-09,3
1669,366,6,2022-03-19,1
1670,120,25,2022-10-31,1
1671,609,19,2023-09-06,5
1672,657,16,2022-07-08,1
1673,728,21,2023-10-22,2
1674,229,2,2023-06-16,1
1675,825,10,2023-12-12,1
1676,130,16,2022-07-10,2
1677,352,37,2023-01-28,1
1678,889,15,2022-08-23,2
1679,318,13,2023-10-20,1
1680,984,13,2023-04-28,1
1681,649,32,2023-02-16,1
1682,836,45,2023-06-25,1
1683,337,47,2023-06-09,1
1684,273,46,2022-09-11,1
1685,117,8,2022-10-17,1
1686,818,43,2023-05-24,1
1687,368,18,2023-11-05,2
1688,94,36,2023-01-31,1
1689,168,26,2023-11-29,3
1690,954,10,2023-09-17,1
1691,715,31,2023-04-12,1
1692,341,33,2023-10-15,2
1693,661,29,2023-04-11,1
1694,914,5,2023-12-30,1
1695,695,13,2022-06-25,1
1696,925,1,2023-11-18,1
1697,152,23,2023-10-13,1
1698,586,40,2023-03-07,5
1699,877,3,2023-12-27,1
1700,913,3,2023-03-29,3
1701,274,7,2023-04-21,1
1702,554,36,2023-08-21,1
1703,496,35,2023-11-23,1
1704,724,15,2023-09-29,2
1705,101,40,2022-08-25,3
1706,557,3,2023-12-23,1
1707,82,29,2023-12-30,1
1708,529,30,2023-05-24,1
1709,73,39,2023-12-19,1
1710,14,18,2022-03-22,1
1711,433,11,2023-03-06,3
1712,157,43,2023-11-09,1
1713,735,49,2023-12-03,2
1714,132,38,2023-08-26,1
1715,338,40,2023-10-22,1
1716,404,1,2023-10-22,1
1717,376,29,2023-07-16,2
1718,888,10,2023-12-21,3
1719,559,28,2023-01-23,1
1720,107,31,2023-01-10,1
1721,620,19,2023-05-25,1
1722,265,3,2023-11-12,1
1723,205,36,2023-12-19,1
1724,79,43,2023-11-30,2
1725,155,15,2023-02-01,1
1726,783,33,2022-12-20,2
1727,988,41,2023-03-19,1
1728,997,43,2023-12-24,1
1729,247,45,2022-10-10,4
1730,531,26,2023-07-30,1
1731,858,16,2022-03-18,3
1732,948,36,2023-11-23,1
1733,538,33,2023-06-12,1
1734,729,20,2023-04-17,3
1735,154,13,2023-11-23,3
1736,154,33,2023-11-16,1
1737,686,5,2023-08-09,1
1738,92,37,2023-11-03,2
1739,433,14,2022-11-22,2
1740,338,27,2023-01-19,1
1741,480,23,2023-02-21,2
1742,693,14,2023-09-08,1
1743,131,40,2023-11-18,1
1744,450,4,2023-12-02,1
1745,993,39,2023-12-13,1
1746,810,19,2023-11-19,3
1747,787,47,2023-10-02,1
1748,273,4,2022-10-18,4
1749,929,30,2023-09-19,1
1750,588,19,2023-02-03,2
1751,177,31,2022-08-06,2
1752,696,31,2023-06-20,1
1753,831,9,2023-06-10,1
1754,643,13,2023-10-31,1
1755,875,14,2023-10-10,3
1756,49,46,2023-10-24,2
1757,567,10,2023-05-02,1
1758,666,48,2023-03-31,2
1759,355,31,2023-02-22,1
1760,712,37,2023-11-18,1
1761,308,23,2023-12-21,3
1762,868,27,2023-09-15,1
1763,885,6,2023-03-06,2
1764,630,26,2023-11-01,1
1765,775,2,2023-12-18,1
1766,46,45,2022-12-26,1
1767,302,13,2022-08-07,1
1768,868,50,2023-04-20,2
1769,912,19,2023-08-20,1
1770,408,1,2023-12-28,1
1771,189,40,2023-07-04,1
1772,822,32,2023-12-19,1
1773,830,22,2023-07-23,2
1774,129,48,2023-08-04,1
1775,561,29,2023-03-01,1
1776,537,2,2023-09-13,3
1777,266,40,2023-11-23,1
1778,118,38,2023-07-08,2
1779,464,48,2023-05-28,1
1780,144,11,2023-06-19,1
1781,442,17,2023-09-27,3
1782,200,43,2023-08-29,2
1783,157,8,2023-09-14,1
1784,487,22,2023-10-31,1
1785,860,4,2023-04-30,1
1786,134,11,2022-12-30,1
1787,912,8,2023-09-25,2
1788,148,9,2023-03-18,1
1789,336,26,2023-05-18,1
1790,71,2,2023-10-06,3
1791,233,16,2023-12-07,1
1792,334,31,2022-06-19,1
1793,811,6,2023-11-03,3
1794,666,21,2023-08-04,2
1795,90,26,2023-12-20,1
1796,334,19,2022-10-05,1
1797,199,28,2023-11-30,1
1798,161,8,2023-04-27,1
1799,538,14,2023-06-12,1
1800,121,24,2023-08-09,2
1801,301,48,2023-11-08,3
1802,724,44,2023-03-24,2
1803,575,37,2023-12-23,1
1804,963,26,2023-10-05,2
1805,436,31,2023-07-17,1
1806,68,32,2022-12-15,1
1807,765,50,2023-11-30,1
1808,922,41,2023-07-10,1
1809,459,2,2022-11-17,3
1810,514,25,2023-05-10,1
1811,398,44,2023-04-01,1
1812,620,2,2022-12-26,4
1813,286,42,2023-05-04,1
1814,561,1,2023-04-12,2
1815,140,36,2023-11-19,1
1816,730,12,2023-10-09,1
1817,556,9,2023-08-11,3
1818,929,36,2023-07-09,1
1819,781,41,2023-12-26,1
1820,590,28,2023-06-10,1
1821,728,38,2023-11-14,1
1822,894,33,2023-10-24,1
1823,610,42,2022-10-09,1
1824,748,46,2023-05-05,1
1825,282,22,2022-12-08,2
1826,661,25,2022-10-27,1
1827,924,18,2023-12-03,1
1828,816,6,2023-01-04,1
1829,996,18,2023-12-22,3
1830,936,16,2023-12-15,3
1831,578,15,2023-11-23,2
1832,746,48,2022-08-05,3
1833,457,8,2023-12-04,1
1834,87,13,2023-10-17,1
1835,79,43,2022-10-18,1
1836,205,7,2023-12-27,1
1837,791,17,2022-04-30,1
1838,337,50,2023-02-21,1
1839,254,32,2023-09-09,5
1840,304,22,2022-12-08,2
1841,380,13,2023-12-02,1
1842,130,47,2023-01-13,2
1843,596,23,2023-05-16,1
1844,276,29,2023-06-21,1
1845,699,22,2023-11-27,1
1846,558,1,2022-08-12,1
1847,899,29,2023-12-17,1
1848,183,48,2023-09-09,2
1849,268,5,2023-03-21,1
1850,808,35,2023-11-01,1
1851,322,10,2023-11-15,1
1852,512,19,2023-11-18,1
1853,612,37,2023-07-20,3
1854,78,7,2023-11-10,1
1855,784,46,2023-12-04,4
1856,339,35,2023-12-09,5
1857,674,45,2023-02-11,1
1858,556,13,2023-02-23,1
1859,509,10,2023-08-17,3
1860,238,2,2023-09-13,5
1861,134,6,2023-04-15,1
1862,973,8,2022-07-09,2
1863,192,36,2022-04-08,2
1864,356,25,2023-05-31,1
1865,278,44,2023-07-27,1
1866,18,47,2023-05-28,2
1867,524,40,2023-12-14,1
1868,180,7,2022-01-18,1
1869,123,46,2023-06-11,1
1870,246,23,2023-12-26,1
1871,734,19,2023-05-09,1
1872,373,46,2023-09-23,3
1873,51,22,2023-08-18,1
1874,1000,13,2022-08-15,1
1875,71,21,2023-03-15,1
1876,480,1,2023-08-04,1
1877,560,19,2023-01-05,1
1878,19,33,2023-08-02,1
1879,774,4,2023-09-23,1
1880,84,42,2023-11-27,1
1881,155,3,2023-11-22,1
1882,565,27,2023-11-24,1
1883,619,41,2023-01-27,3
1884,357,35,2023-11-10,1
1885,816,28,2023-04-23,1
1886,647,6,2023-05-06,2
1887,443,6,2023-05-28,1
1888,69,44,2023-03-22,1
1889,523,23,2023-10-31,1
1890,143,33,2023-11-15,1
1891,192,16,2022-11-26,2
1892,387,24,2023-12-17,3
1893,378,5,2022-10-29,1
1894,581,41,2023-11-04,1
1895,535,42,2022-07-29,1
1896,693,13,2023-04-08,3
1897,293,47,2022-09-23,3
1898,9,12,2023-12-19,1
1899,271,5,2023-05-15,1
1900,387,37,2023-11-06,1
1901,93,31,2023-11-02,1
1902,966,28,2023-12-02,1
1903,529,28,2022-05-09,1
1904,154,30,2023-12-14,1
1905,405,18,2022-08-13,3
1906,840,44,2023-12-22,5
1907,149,27,2023-08-11,1
1908,889,35,2023-12-02,1
1909,267,26,2023-06-29,3
1910,422,39,2023-04-18,1
1911,840,49,2023-12-29,1
1912,618,18,2023-08-18,1
1913,472,33,2023-10-13,1
1914,893,25,2022-11-01,1
1915,547,31,2023-03-08,1
1916,631,37,2023-07-25,1
1917,526,2,2023-11-19,1
1918,503,33,2023-02-14,1
1919,14,39,2022-03-21,1
1920,778,43,2022-06-30,3
1921,652,43,2023-11-25,1
1922,806,32,2023-04-13,1
1923,364,18,2023-08-25,1
1924,119,17,2023-12-21,1
1925,238,34,2023-11-06,1
1926,546,39,2022-06-13,2
1927,169,7,2023-10-25,1
1928,522,42,2023-09-05,1
1929,634,35,2023-04-10,2
1930,913,30,2023-02-10,1
1931,657,12,2022-10-29,1
1932,963,35,2023-12-22,1
1933,958,11,2023-10-05,1
1934,735,44,2023-02-02,2
1935,883,4,2023-03-06,1
1936,769,25,2023-12-05,1
1937,780,48,2023-08-20,2
1938,871,32,2023-08-28,1
1939,516,20,2023-08-16,1
1940,938,50,2023-08-31,1
1941,397,31,2023-03-16,1
1942,866,4,2023-12-05,5
1943,106,38,2023-10-23,2
1944,85,47,2022-08-05,1
1945,214,1,2023-11-07,1
1946,121,3,2023-12-04,1
1947,132,37,2023-11-27,1
1948,850,22,2023-10-19,1
1949,197,17,2022-07-02,1
1950,19,14,2023-06-27,3
1951,642,41,2023-10-07,2
1952,12,35,2023-09-26,1
1953,81,13,2023-12-04,1
1954,330,35,2022-06-09,1
1955,866,43,2023-12-02,2
1956,774,2,2023-11-15,2
1957,392,47,2023-12-26,3
1958,637,13,2023-10-26,1
1959,307,16,2023-08-24,1
1960,267,18,2022-05-11,1
1961,447,7,2023-11-21,1
1962,441,45,2023-03-07,1
1963,895,36,2023-10-15,1
1964,652,41,2023-08-18,1
1965,841,30,2023-02-03,1
1966,2,42,2023-04-24,1
1967,520,41,2023-10-01,1
1968,762,7,2023-09-02,1
1969,651,15,2023-01-09,1
1970,636,40,2023-10-23,1
1971,309,19,2023-12-20,1
1972,740,43,2023-12-19,1
1973,522,37,2023-09-22,5
1974,469,2,2022-11-13,1
1975,212,42,2023-12-26,1
1976,112,48,2023-11-21,1
1977,8,13,2022-12-23,3
1978,804,40,2022-08-20,1
1979,477,41,2022-10-16,1
1980,874,43,2023-09-24,1
1981,460,43,2022-11-20,2
1982,253,31,2023-09-03,2
1983,526,16,2022-12-25,1
1984,752,42,2023-11-08,3
1985,438,44,2023-06-25,3
1986,754,6,2023-07-23,1
1987,981,28,2023-09-14,1
1988,854,32,2023-11-04,1
1989,661,44,2022-06-11,2
1990,236,10,2023-01-20,1
1991,306,50,2023-06-04,5
1992,478,18,2023-10-18,1
1993,679,4,2023-06-12,1
1994,20,9,2023-09-22,3
1995,216,7,2023-05-31,1
1996,855,50,2023-12-30,1
1997,135,8,2022-10-31,1
1998,905,43,2023-04-01,1
1999,129,7,2023-03-30,1
2000,410,41,2023-07-10,1
2001,422,40,2023-12-03,1
2002,294,3,2023-11-10,5
2003,246,17,2023-10-19,5
2004,701,2,2022-10-02,1
2005,556,15,2023-03-05,2
2006,86,46,2023-09-27,1
2007,556,29,2023-08-20,1
2008,842,50,2023-12-12,1
2009,375,48,2022-11-15,4
2010,446,22,2023-11-10,3
2011,378,4,2023-11-14,1
2012,390,6,2022-12-07,1
2013,657,38,2023-07-03,1
2014,51,26,2023-07-07,1
2015,242,11,2023-03-11,1
2016,294,26,2023-09-20,1
2017,920,17,2023-11-18,2
2018,563,24,2023-09-07,1
2019,266,28,2023-11-24,3
2020,120,35,2023-06-29,1
2021,712,31,2023-09-11,1
2022,917,13,2023-06-30,2
2023,248,35,2023-11-13,2
2024,70,16,2022-10-04,1
2025,853,15,2023-06-07,1
2026,57,43,2023-11-09,3
2027,382,18,2023-04-15,1
2028,39,47,2022-12-24,1
2029,984,37,2023-06-22,1
2030,801,48,2023-10-31,2
2031,443,48,2022-07-14,2
2032,18,49,2022-11-20,3
2033,952,41,2023-10-09,1
2034,732,27,2022-10-29,1
2035,825,35,2023-11-09,1
2036,756,45,2023-02-20,2
2037,352,35,2023-05-30,1
2038,972,28,2023-10-08,1
2039,816,39,2022-11-10,1
2040,298,38,2023-08-18,1
2041,283,9,2022-12-01,3
2042,586,12,2023-03-20,1
2043,110,15,2023-11-23,5
2044,180,21,2023-10-03,1
2045,938,35,2023-07-16,3
2046,544,42,2023-08-30,2
2047,746,33,2022-12-23,1
2048,794,19,2023-08-07,4
2049,25,23,2023-12-21,1
2050,843,13,2022-05-29,3
2051,791,44,2023-01-17,3
2052,738,1,2022-03-18,2
2053,57,29,2023-11-25,1
2054,180,24,2022-12-07,1
2055,232,16,2023-12-30,1
2056,894,25,2023-10-14,1
2057,343,23,2023-01-13,2
2058,477,28,2023-10-17,2
2059,799,47,2023-09-07,3
2060,576,16,2023-06-11,1
2061,455,43,2023-12-27,2
2062,232,38,2023-12-27,3
2063,289,11,2023-09-22,2
2064,213,3,2023-12-09,1
2065,258,15,2023-06-28,1
2066,530,1,2023-12-12,1
2067,687,7,2023-10-02,1
2068,929,1,2023-06-19,1
2069,229,49,2023-12-20,5
2070,226,32,2023-10-31,1
2071,596,9,2023-09-22,1
2072,803,29,2023-12-28,1
2073,435,26,2023-10-17,2
2074,882,23,2023-06-15,3
2075,758,45,2023-02-24,2
2076,402,43,2023-03-21,1
2077,622,29,2023-06-06,1
2078,766,38,2022-11-10,3
2079,88,33,2023-08-01,1
2080,584,7,2023-03-03,1
2081,893,12,2022-12-08,1
2082,542,31,2023-12-02,1
2083,684,32,2023-05-17,2
2084,309,20,2023-12-22,1
2085,906,17,2023-12-28,1
2086,343,36,2023-08-27,1
2087,436,3,2023-07-19,1
2088,177,1,2023-09-30,1
2089,139,50,2023-12-11,1
2090,194,27,2023-09-02,1
2091,186,47,2023-06-05,1
2092,218,40,2023-05-13,1
2093,164,33,2023-11-20,1
2094,161,20,2023-08-03,1
2095,943,14,2023-08-22,1
2096,525,36,2023-11-26,3
2097,808,5,2023-12-08,1
2098,601,23,2023-12-24,1
2099,836,45,2023-01-23,1
2100,42,15,2022-12-19,4
2101,915,6,2022-10-14,1
2102,210,33,2023-10-01,1
2103,741,19,2023-02-22,2
2104,862,13,2023-03-28,2
2105,275,29,2023-10-26,2
2106,954,6,2023-12-08,1
2107,279,15,2023-08-21,1
2108,251,16,2023-06-06,1
2109,310,24,2023-12-11,3
2110,720,23,2023-08-26,1
2111,833,48,2023-10-01,1
2112,140,10,2023-03-27,3
2113,792,41,2023-12-22,3
2114,546,41,2023-05-14,5
2115,821,49,2023-05-20,3
2116,904,17,2022-12-31,5
2117,530,49,2023-11-27,1
2118,57,44,2023-12-29,2
2119,112,45,2023-12-15,2
2120,5,30,2023-03-08,1
2121,410,44,2022-12-22,1
2122,414,46,2023-12-16,4
2123,182,10,2023-10-07,1
2124,13,19,2023-03-31,3
2125,339,29,2023-12-29,1
2126,797,2,2023-10-29,1
2127,259,36,2023-12-10,1
2128,90,19,2023-08-05,1
2129,616,7,2023-08-01,1
2130,891,26,2023-12-18,1
2131,698,15,2023-12-07,1
2132,250,47,2023-11-19,1
2133,255,38,2023-06-21,1
2134,588,3,2022-11-08,1
2135,898,38,2022-04-23,2
2136,971,16,2022-09-18,1
2137,108,2,2023-04-26,1
2138,668,31,2023-09-04,1
2139,594,28,2023-11-22,1
2140,589,7,2023-11-13,1
2141,485,30,2023-02-28,1
2142,982,43,2023-08-19,3
2143,972,7,2023-03-13,3
2144,258,36,2023-10-04,2
2145,639,29,2023-05-06,1
2146,997,24,2023-12-28,1
2147,903,39,2023-11-27,1
2148,282,4,2022-11-29,2
2149,986,29,2023-04-17,5
2150,88,44,2022-07-20,1
2151,204,5,2023-10-26,1
2152,16,29,2022-07-22,1
2153,151,30,2023-12-16,2
2154,936,29,2023-11-29,2
2155,254,26,2022-10-09,1
2156,188,19,2022-11-01,4
2157,329,26,2023-12-08,1
2158,544,37,2023-01-10,3
2159,783,27,2023-04-25,4
2160,997,30,2023-11-28,2
2161,397,30,2023-03-22,1
2162,517,3,2023-05-09,1
2163,459,43,2023-10-06,1
2164,330,7,2022-10-21,1
2165,820,49,2023-07-06,3
2166,845,9,2023-11-21,1
2167,169,41,2023-11-16,1
2168,693,42,2023-11-21,2
2169,366,13,2022-04-19,1
2170,178,15,2023-10-27,1
2171,655,5,2023-06-30,1
2172,362,29,2023-04-16,1
2173,760,35,2023-09-22,1
2174,639,27,2023-02-11,3
2175,775,27,2023-12-10,1
2176,40,8,2023-12-09,3
2177,924,32,2023-05-25,1
2178,416,20,2023-10-14,1
2179,355,10,2023-05-12,1
2180,255,13,2022-07-27,1
2181,143,29,2023-04-24,1
2182,752,35,2023-10-02,1
2183,740,8,2023-07-24,1
2184,853,29,2023-06-16,1
2185,710,31,2023-12-15,1
2186,577,41,2023-01-07,1
2187,900,30,2023-04-18,2
2188,11,22,2023-10-25,3
2189,620,21,2023-07-15,1
2190,26,12,2023-11-08,1
2191,957,11,2023-09-24,4
2192,421,2,2023-07-03,1
2193,663,50,2023-06-26,4
2194,221,41,2022-11-21,1
2195,853,2,2023-06-19,3
2196,496,34,2023-12-14,1
2197,237,3,2023-12-07,3
2198,237,16,2023-04-20,1
2199,219,4,2023-06-13,1
2200,487,23,2022-12-17,1
2201,936,50,2023-12-24,1
2202,461,20,2023-01-19,2
2203,663,25,2023-03-26,1
2204,635,30,2023-08-25,3
2205,144,18,2023-08-13,1
2206,990,42,2023-04-12,3
2207,189,11,2022-10-06,1
2208,255,29,2022-11-03,4
2209,68,17,2023-01-02,4
2210,616,26,2023-10-30,1
2211,336,23,2023-08-24,3
2212,671,48,2022-05-08,2
2213,821,20,2023-05-29,1
2214,874,45,2023-12-02,1
2215,409,2,2023-11-04,1
2216,300,24,2023-06-27,2
2217,908,31,2023-04-08,1
2218,602,27,2023-05-09,1
2219,357,2,2023-05-21,1
2220,256,14,2022-08-04,1
2221,353,4,2023-04-23,3
2222,732,49,2023-12-07,4
2223,521,13,2023-05-18,1
2224,524,36,2023-12-21,1
2225,837,35,2023-11-07,2
2226,950,44,2023-11-05,1
2227,756,8,2023-07-22,1
2228,694,2,2023-08-20,1
2229,284,6,2023-10-16,1
2230,312,31,2022-10-02,1
2231,99,10,2023-12-14,2
2232,197,44,2023-05-04,1
2233,482,21,2023-10-23,3
2234,878,42,2023-11-30,1
2235,226,10,2023-12-27,1
2236,845,23,2023-01-07,3
2237,615,3,2023-12-04,1
2238,618,32,2023-10-09,1
2239,365,20,2023-12-05,1
2240,368,10,2023-12-13,1
2241,570,29,2023-11-28,2
2242,590,41,2023-12-15,1
2243,75,46,2023-03-18,2
2244,42,34,2023-02-19,1
2245,422,37,2022-09-11,1
2246,836,20,2023-01-22,5
2247,181,8,2023-10-15,2
2248,545,7,2023-08-20,1
2249,71,6,2023-04-28,1
2250,568,11,2023-10-06,1
2251,105,44,2023-04-28,1
2252,200,18,2023-09-09,2
2253,101,42,2023-03-31,2
2254,768,29,2023-11-28,1
2255,307,25,2023-05-19,2
2256,586,21,2023-09-04,1
2257,683,46,2023-05-17,1
2258,377,3,2023-07-28,1
2259,655,18,2022-09-30,4
2260,678,24,2023-12-15,2
2261,399,47,2023-10-22,1
2262,773,38,2022-09-12,1
2263,221,10,2023-05-30,3
2264,595,27,2022-09-02,1
2265,182,12,2023-08-05,1
2266,307,7,2023-08-04,4
2267,522,17,2023-07-22,3
2268,396,1,2022-11-25,1
2269,4,50,2023-03-19,1
2270,863,26,2023-12-24,1
2271,914,15,2023-12-25,1
2272,848,33,2023-03-20,4
2273,1000,37,2023-04-30,1
2274,804,47,2022-06-15,3
2275,281,31,2023-12-23,1
2276,215,35,2023-03-28,1
2277,972,1,2022-12-11,1
2278,610,8,2023-05-18,2
2279,420,12,2023-08-02,1
2280,101,19,2023-07-29,1
2281,963,25,2023-12-09,1
2282,521,32,2023-05-23,1
2283,573,12,2023-08-12,1
2284,309,13,2023-11-26,1
2285,658,28,2023-03-25,1
2286,939,1,2023-09-02,1
2287,931,6,2023-07-21,1
2288,510,8,2023-06-16,1
2289,63,4,2022-06-05,1
2290,633,5,2023-12-07,1
2291,226,25,2023-07-29,1
2292,105,22,2023-06-07,2
2293,974,28,2023-10-02,1
2294,772,39,2022-08-25,1
2295,861,23,2023-01-02,1
2296,425,4,2023-01-31,3
2297,255,4,2023-10-09,2
2298,429,47,2023-08-08,1
2299,434,21,2023-12-14,1
2300,207,37,2023-11-16,1
2301,28,41,2023-05-30,4
2302,682,2,2023-09-06,2
2303,336,7,2023-06-06,1
2304,588,49,2023-12-28,2
2305,628,16,2023-01-17,2
2306,69,17,2023-06-16,1
2307,866,20,2023-11-18,1
2308,746,23,2023-03-07,1
2309,513,34,2023-11-06,1
2310,167,11,2023-09-05,2
2311,864,34,2023-06-11,1
2312,730,33,2022-05-06,2
2313,785,26,2023-05-09,5
2314,368,2,2023-12-07,1
2315,251,23,2022-12-26,1
2316,859,41,2023-06-15,2
2317,856,22,2023-06-13,2
2318,931,34,2022-11-16,2
2319,686,15,2023-09-20,1
2320,170,10,2022-11-18,1
2321,758,15,2023-09-24,1
2322,935,42,2023-10-20,4
2323,90,29,2023-03-05,1
2324,561,23,2022-11-01,3
2325,446,17,2023-08-21,1
2326,294,9,2023-04-22,5
2327,919,50,2022-09-12,1
2328,150,36,2022-08-14,1
2329,132,9,2023-12-14,1
2330,433,16,2023-11-11,1
2331,59,36,2023-12-24,1
2332,969,48,2023-11-30,1
2333,836,33,2023-12-06,1
2334,199,31,2023-12-22,1
2335,215,6,2023-11-26,2
2336,898,10,2023-06-25,1
2337,561,16,2023-01-20,1
2338,472,4,2022-09-10,3
2339,744,22,2022-08-20,1
2340,247,13,2022-12-13,4
2341,382,16,2022-08-10,1
2342,991,29,2023-10-18,1
2343,239,6,2023-03-08,1
2344,927,26,2023-08-21,1
2345,367,11,2023-09-05,1
2346,168,24,2023-12-21,1
2347,560,29,2023-07-23,1
2348,51,3,2023-08-16,1
2349,811,10,2023-09-26,1
2350,610,1,2023-02-13,1
2351,951,43,2023-01-15,1
2352,728,26,2023-12-26,1
2353,689,12,2022-12-28,1
2354,380,14,2023-10-04,1
2355,474,25,2022-05-17,1
2356,80,8,2023-11-26,1
2357,697,43,2023-12-30,1
2358,367,4,2023-11-11,1
2359,461,28,2022-08-30,1
2360,911,7,2022-12-05,1
2361,539,10,2023-12-25,1
2362,452,36,2023-11-22,1
2363,464,2,2022-11-15,1
2364,960,26,2023-10-08,1
2365,478,50,2023-06-30,3
2366,926,14,2023-06-02,2
2367,420,16,2022-09-14,1
2368,707,43,2023-08-28,1
2369,214,42,2023-12-29,1
2370,369,17,2023-09-05,3
2371,854,46,2023-11-27,1
2372,114,22,2023-12-28,5
2373,754,4,2023-08-06,1
2374,503,19,2023-04-09,1
2375,636,2,2023-08-25,1
2376,817,39,2023-01-04,1
2377,588,9,2022-10-26,1
2378,311,19,2023-08-25,1
2379,469,16,2023-06-21,1
2380,824,25,2023-10-17,3
2381,708,48,2023-11-26,1
2382,863,18,2023-12-21,1
2383,44,23,2023-07-19,1
2384,415,21,2023-08-17,2
2385,698,11,2023-12-06,2
2386,855,39,2023-12-30,1
2387,246,41,2023-07-30,1
2388,949,4,2023-12-05,1
2389,84,25,2023-12-23,1
2390,207,32,2023-08-06,1
2391,151,30,2023-12-02,3
2392,668,45,2023-11-23,1
2393,528,26,2023-10-07,1
2394,165,36,2023-07-22,1
2395,917,34,2023-09-04,2
2396,975,9,2022-10-20,1
2397,145,12,2023-11-05,1
2398,37,2,2023-02-26,1
2399,333,38,2023-10-13,1
2400,403,5,2023-12-14,2
2401,414,5,2022-12-09,1
2402,45,22,2023-06-24,2
2403,402,5,2023-07-13,1
2404,206,4,2023-12-30,1
2405,62,9,2023-12-25,3
2406,420,29,2023-08-06,1
2407,868,22,2023-09-18,1
2408,468,27,2023-10-20,1
2409,820,10,2023-04-06,1
2410,19,16,2023-11-23,1
2411,365,42,2022-05-04,5
2412,300,42,2022-08-04,5
2413,7,10,2022-09-01,1
2414,761,6,2023-08-11,1
2415,428,49,2023-12-24,1
2416,117,5,2022-10-01,1
2417,580,6,2023-10-31,1
2418,507,47,2023-11-01,1
2419,546,25,2023-08-21,1
2420,706,50,2022-01-28,1
2421,325,4,2023-09-16,1
2422,55,40,2023-09-09,1
2423,778,48,2022-08-28,2
2424,992,32,2023-12-25,1
2425,42,35,2023-02-08,1
2426,297,10,2022-10-27,1
2427,973,34,2023-04-03,1
2428,231,36,2022-06-17,1
2429,453,6,2023-04-20,1
2430,890,43,2023-03-29,4
2431,394,46,2023-11-16,1
2432,522,16,2023-09-20,1
2433,358,19,2023-05-05,1
2434,987,34,2023-12-25,4
2435,444,25,2023-03-24,2
2436,128,31,2023-11-22,3
2437,691,49,2023-01-16,1
2438,405,41,2023-03-31,5
2439,392,17,2023-11-08,1
2440,193,47,2022-06-30,1
2441,604,30,2023-04-03,3
2442,881,39,2022-09-15,3
2443,743,31,2023-02-27,1
2444,78,19,2023-08-31,1
2445,85,35,2022-06-02,1
2446,30,29,2023-09-12,1
2447,725,1,2023-10-11,1
2448,49,4,2022-10-03,4
2449,777,28,2023-05-29,1
2450,145,18,2023-11-29,2
2451,69,26,2023-04-11,2
2452,58,40,2023-09-27,1
2453,697,19,2022-12-15,2
2454,574,6,2023-06-09,1
2455,479,1,2023-02-24,1
2456,820,8,2023-12-27,1
2457,445,33,2023-06-16,1
2458,296,43,2023-11-01,2
2459,678,21,2023-09-15,5
2460,171,24,2023-12-17,1
2461,575,25,2023-11-10,2
2462,147,47,2023-08-23,1
2463,484,43,2023-12-01,2
2464,306,19,2022-12-04,1
2465,673,29,2023-04-28,1
2466,653,10,2023-01-15,1
2467,846,12,2023-02-12,1
2468,609,33,2023-01-17,1
2469,446,7,2023-06-11,3
2470,221,17,2022-10-28,1
2471,555,10,2023-05-19,3
2472,945,31,2022-09-15,2
2473,804,6,2022-10-30,1
2474,378,17,2022-05-21,1
2475,620,50,2023-10-30,2
2476,266,37,2023-10-25,1
2477,95,18,2023-11-08,1
2478,262,26,2023-08-14,1
2479,825,49,2023-10-31,1
2480,897,16,2023-10-21,5
2481,71,8,2023-05-14,1
2482,954,24,2023-06-23,1
2483,219,13,2023-06-29,1
2484,533,29,2023-09-29,2
2485,92,32,2023-12-01,2
2486,127,24,2023-06-04,1
2487,80,16,2023-11-23,1
2488,824,11,2023-09-01,1
2489,238,32,2023-02-14,1
2490,983,6,2023-11-15,1
2491,372,35,2023-08-05,5
2492,916,33,2023-12-30,1
2493,486,18,2023-08-28,1
2494,694,37,2023-08-10,3
2495,25,13,2023-12-26,1
2496,156,10,2023-11-28,1
2497,517,37,2023-10-28,1
2498,632,26,2023-05-23,1
2499,789,46,2023-11-24,3
2500,530,17,2023-11-29,1
2501,943,1,2022-06-23,1
2502,710,25,2023-11-25,1
2503,57,34,2023-12-15,3
2504,605,39,2023-07-11,1
2505,19,10,2023-11-02,1
2506,384,20,2023-12-13,4
2507,865,7,2023-04-04,1
2508,193,16,2022-04-25,2
2509,237,37,2023-12-08,1
2510,387,29,2023-10-27,1
2511,426,12,2023-07-12,1
2512,277,17,2023-11-05,1
2513,227,48,2023-06-30,1
2514,745,20,2023-12-03,1
2515,552,26,2023-01-07,1
2516,323,48,2023-11-30,1
2517,153,19,2023-12-09,1
2518,639,47,2023-08-07,4
2519,237,12,2022-03-29,1
2520,998,21,2023-03-24,4
2521,55,42,2023-11-23,1
2522,980,34,2023-12-19,1
2523,436,7,2023-08-10,1
2524,684,45,2023-06-07,2
2525,109,35,2023-12-09,2
2526,866,15,2023-12-21,1
2527,981,1,2023-11-16,3
2528,184,26,2022-04-02,1
2529,951,35,2023-05-17,1
2530,368,25,2023-09-30,5
2531,983,42,2023-04-28,3
2532,198,15,2023-04-01,4
2533,371,22,2022-07-30,1
2534,373,6,2023-02-21,1
2535,973,15,2023-08-31,1
2536,497,24,2023-06-11,1
2537,599,21,2023-12-30,2
2538,201,7,2023-08-30,1
2539,849,29,2023-11-27,1
2540,509,32,2023-07-17,1
2541,322,32,2022-05-06,1
2542,275,5,2023-07-08,1
2543,211,4,2023-09-12,1
2544,504,22,2022-04-19,2
2545,903,18,2022-07-17,1
2546,118,35,2023-02-10,2
2547,703,17,2022-12-17,1
2548,554,50,2023-08-16,1
2549,42,50,2022-06-05,1
2550,315,24,2023-12-09,3
2551,788,2,2023-10-04,1
2552,329,13,2023-10-12,1
2553,17,15,2023-01-05,1
2554,283,5,2023-12-22,1
2555,943,3,2023-08-24,2
2556,258,37,2023-10-16,2
2557,575,37,2023-12-03,1
2558,574,37,2023-08-08,1
2559,612,3,2022-09-24,2
2560,19,35,2023-11-12,1
2561,529,23,2023-09-13,1
2562,837,28,2023-09-16,1
2563,423,30,2023-11-03,1
2564,466,18,2023-07-18,1
2565,373,36,2022-09-18,2
2566,758,33,2023-05-04,1
2567,763,26,2022-12-25,1
2568,967,48,2023-03-01,2
2569,81,40,2023-11-18,1
2570,551,17,2023-12-04,1
2571,548,40,2023-12-06,1
2572,424,7,2023-03-12,1
2573,429,8,2023-09-30,3
2574,388,31,2023-12-08,2
2575,998,12,2022-09-27,1
2576,921,48,2023-03-26,2
2577,709,31,2023-11-20,1
2578,670,44,2023-07-02,3
2579,204,19,2023-07-09,1
2580,196,10,2023-08-31,1
2581,728,39,2023-04-21,1
2582,285,12,2023-11-06,1
2583,969,20,2023-11-15,1
2584,196,37,2023-10-24,1
2585,307,48,2023-04-07,2
2586,664,41,2023-01-17,1
2587,14,7,2023-12-16,4
2588,837,14,2023-12-29,1
2589,146,11,2023-10-10,1
2590,938,7,2022-08-22,3
2591,57,29,2023-10-21,1
2592,723,10,2023-04-17,3
2593,780,29,2023-11-02,2
2594,210,9,2022-12-12,1
2595,529,36,2022-03-24,1
2596,798,48,2022-10-03,1
2597,344,10,2023-11-29,1
2598,715,19,2023-05-09,1
2599,611,31,2023-12-04,2
2600,279,17,2023-12-18,1
2601,209,9,2023-12-16,1
2602,641,45,2023-01-04,1
2603,335,33,2023-12-16,5
2604,288,34,2023-11-07,1
2605,252,45,2023-11-07,1
2606,265,24,2023-12-20,1
2607,271,9,2023-01-22,4
2608,924,7,2023-05-27,4
2609,920,16,2023-08-18,1
2610,700,19,2023-08-09,3
2611,419,39,2023-04-30,1
2612,726,6,2023-06-12,4
2613,795,50,2023-07-03,1
2614,211,11,2022-12-18,1
2615,365,12,2022-12-10,1
2616,76,42,2022-09-02,1
2617,660,13,2023-12-27,2
2618,321,12,2023-06-09,1
2619,725,21,2023-08-30,4
2620,433,10,2023-03-22,1
2621,109,20,2023-08-18,1
2622,641,50,2023-06-23,1
2623,522,36,2023-11-09,1
2624,47,28,2023-10-02,2
2625,379,24,2023-03-15,1
2626,827,5,2023-04-14,1
2627,96,37,2023-12-14,1
2628,958,12,2023-05-07,1
2629,103,35,2023-09-12,5
2630,892,40,2023-10-30,1
2631,854,2,2023-11-07,3
2632,146,50,2023-06-22,1
2633,880,41,2023-11-24,1
2634,942,45,2023-07-26,4
2635,928,39,2022-09-17,1
2636,27,42,2023-03-28,1
2637,732,9,2022-02-01,1
2638,530,22,2023-11-27,1
2639,679,47,2023-02-17,2
2640,945,5,2023-08-28,1
2641,989,12,2023-12-26,3
2642,82,1,2023-12-26,1
2643,428,44,2023-12-25,1
2644,584,22,2022-11-28,1
2645,822,38,2023-12-27,1
2646,479,19,2023-01-12,5
2647,766,16,2023-08-16,1
2648,162,31,2023-11-10,1
2649,839,3,2023-10-01,3
2650,932,23,2023-07-29,2
2651,402,42,2023-02-10,1
2652,508,18,2023-07-21,2
2653,38,26,2023-05-02,1
2654,955,13,2023-08-15,1
2655,511,18,2023-12-27,1
2656,393,3,2022-12-12,1
2657,713,23,2023-12-07,1
2658,494,3,2023-04-16,1
2659,200,25,2023-09-07,1
2660,255,27,2022-05-30,2
2661,179,44,2023-08-12,5
2662,547,27,2023-03-01,2
2663,594,39,2023-12-29,1
2664,389,25,2023-11-05,1
2665,398,24,2022-06-15,1
2666,732,8,2023-03-06,1
2667,158,9,2022-07-04,1
2668,4,46,2023-06-04,1
2669,167,37,2023-08-15,2
2670,468,30,2023-10-13,1
2671,960,19,2023-10-24,1
2672,409,16,2023-11-22,1
2673,412,24,2023-06-07,1
2674,204,44,2023-11-13,1
2675,194,21,2023-09-06,1
2676,235,36,2022-08-27,1
2677,718,40,2023-03-05,1
2678,150,39,2022-08-05,1
2679,159,47,2023-03-26,2
2680,279,6,2023-05-14,3
2681,816,5,2023-10-15,1
2682,404,14,2023-11-30,1
2683,893,45,2023-02-12,2
2684,678,42,2023-12-09,1
2685,311,50,2023-08-16,1
2686,68,4,2023-11-18,1
2687,463,8,2023-06-15,1
2688,88,24,2023-01-11,2
2689,217,11,2023-12-18,2
2690,1,17,2023-12-25,1
2691,135,50,2022-12-30,1
2692,697,21,2023-02-26,1
2693,351,26,2022-11-23,1
2694,140,43,2023-10-04,5
2695,618,48,2023-07-31,1
2696,133,44,2022-11-28,1
2697,620,45,2023-11-10,2
2698,178,27,2023-10-03,2
2699,810,16,2023-12-13,2
2700,358,26,2023-02-14,1
2701,380,33,2023-07-04,1
2702,908,31,2022-05-11,1
2703,871,48,2023-12-13,1
2704,658,47,2023-03-05,5
2705,450,6,2023-12-27,1
2706,586,44,2023-11-26,4
2707,463,8,2022-12-06,1
2708,990,7,2023-06-02,3
2709,108,34,2023-03-03,1
2710,122,44,2023-11-18,5
2711,17,14,2023-12-28,1
2712,196,16,2023-08-29,1
2713,327,43,2023-08-14,2
2714,318,9,2023-11-12,1
2715,809,10,2022-11-03,1
2716,479,17,2023-03-07,5
2717,252,12,2023-10-29,1
2718,503,6,2023-02-19,1
2719,999,19,2023-04-28,1
2720,119,43,2022-07-06,2
2721,674,41,2023-06-01,1
2722,710,29,2023-12-13,1
2723,498,6,2023-03-27,1
2724,486,25,2023-08-22,1
2725,45,24,2023-08-25,1
2726,314,25,2023-11-17,1
2727,179,16,2023-07-19,1
2728,894,16,2023-11-09,1
2729,418,6,2022-11-28,1
2730,556,37,2023-11-05,1
2731,783,21,2022-09-17,1
2732,78,4,2023-11-21,1
2733,326,34,2023-10-06,1
2734,690,28,2023-06-03,1
2735,357,38,2023-07-29,1
2736,416,41,2023-12-23,2
2737,963,28,2023-09-24,1
2738,515,17,2023-12-03,1
2739,214,14,2023-11-13,1
2740,854,7,2023-11-23,1
2741,74,22,2023-11-19,3
2742,563,1,2023-10-22,1
2743,579,29,2023-12-01,1
2744,509,31,2023-06-07,1
2745,332,30,2023-02-09,1
2746,93,15,2023-07-05,1
2747,688,18,2023-11-06,1
2748,657,35,2023-03-09,3
2749,519,50,2023-12-28,1
2750,269,30,2023-03-27,1
2751,376,34,2022-12-09,1
2752,834,42,2022-12-23,1
2753,4,11,2023-11-12,1
2754,138,27,2022-10-02,1
2755,231,24,2022-08-20,1
2756,600,35,2022-11-04,1
2757,529,39,2022-08-28,3
2758,52,8,2023-08-11,1
2759,646,18,2023-06-04,2
2760,723,13,2023-09-18,1
2761,325,45,2023-09-11,1
2762,992,24,2023-12-08,3
2763,970,23,2023-09-24,1
2764,905,12,2023-01-16,2
2765,731,49,2023-12-29,2
2766,717,30,2023-02-03,1
2767,723,31,2023-11-28,1
2768,277,28,2023-04-04,1
2769,536,22,2023-06-29,4
2770,486,44,2023-06-28,2
2771,516,28,2022-11-13,1
2772,152,13,2022-07-29,1
2773,955,25,2023-06-18,1
2774,483,44,2023-12-28,1
2775,259,46,2023-06-02,1
2776,324,7,2023-12-01,1
2777,869,45,2023-10-27,1
2778,168,6,2023-12-27,1
2779,688,24,2023-09-15,2
2780,310,19,2023-11-22,3
2781,803,19,2023-12-28,2
2782,479,36,2023-03-10,2
2783,56,9,2022-12-13,1
2784,620,48,2023-01-14,1
2785,473,36,2023-07-28,1
2786,296,38,2023-08-17,2
2787,461,40,2023-12-08,3
2788,324,29,2023-05-16,2
2789,814,24,2023-08-23,3
2790,846,48,2022-12-20,1
2791,141,5,2023-12-16,1
2792,667,42,2023-03-04,1
2793,262,45,2023-05-01,1
2794,785,26,2023-04-02,1
2795,420,14,2023-04-12,1
2796,744,39,2023-08-13,1
2797,241,29,2023-09-19,1
2798,355,6,2023-08-26,1
2799,849,7,2023-07-18,1
2800,770,37,2023-03-09,1
2801,761,18,2023-08-14,1
2802,589,23,2022-09-12,1
2803,180,44,2022-05-24,2
2804,66,38,2022-10-23,1
2805,820,1,2022-10-19,1
2806,348,4,2023-09-05,3
2807,171,44,2023-11-14,3
2808,474,47,2022-06-22,3
2809,534,35,2023-11-23,1
2810,367,23,2023-11-06,1
2811,107,27,2023-03-25,1
2812,439,26,2023-09-10,1
2813,835,8,2023-10-24,3
2814,227,43,2023-06-20,1
2815,444,16,2022-11-04,1
2816,442,41,2023-04-24,1
2817,396,3,2022-06-09,1
2818,728,32,2023-04-10,1
2819,581,5,2023-10-22,2
2820,84,20,2023-12-21,3
2821,615,14,2023-07-17,3
2822,551,32,2023-11-30,1
2823,13,26,2023-08-25,1
2824,809,47,2022-12-05,1
2825,825,6,2023-09-22,1
2826,693,36,2023-11-14,3
2827,493,40,2023-06-18,1
2828,268,5,2022-08-23,2
2829,525,13,2023-12-24,1
2830,120,32,2023-04-19,1
2831,970,16,2023-05-03,1
2832,353,1,2023-12-19,1
2833,57,13,2023-10-09,2
2834,40,11,2023-06-24,1
2835,886,8,2023-07-13,2
2836,336,25,2022-11-25,2
2837,640,40,2023-11-29,1
2838,173,32,2023-10-13,2
2839,547,24,2023-01-23,1
2840,259,28,2023-05-18,1
2841,888,14,2023-12-16,2
2842,517,45,2023-05-04,5
2843,730,3,2022-08-24,1
2844,523,36,2023-07-14,1
2845,894,27,2023-11-13,1
2846,839,20,2023-11-21,1
2847,117,47,2023-02-02,1
2848,184,15,2023-11-13,3
2849,906,27,2023-12-29,1
2850,874,45,2023-11-22,1
2851,116,41,2023-11-11,1
2852,162,28,2023-12-11,1
2853,579,25,2023-11-14,1
2854,712,42,2022-06-24,1
2855,543,44,2023-12-23,2
2856,587,46,2023-03-03,1
2857,237,33,2022-06-22,1
2858,839,46,2023-10-26,2
2859,66,14,2022-12-02,1
2860,70,8,2023-10-04,1
2861,809,48,2023-02-08,1
2862,447,14,2023-11-17,1
2863,416,1,2023-12-20,1
2864,532,16,2023-10-03,1
2865,441,18,2023-06-27,2
2866,738,7,2023-03-14,2
2867,946,15,2023-11-25,1
2868,464,24,2023-11-11,1
2869,921,49,2023-04-13,1
2870,396,13,2023-12-18,1
2871,711,9,2023-06-26,1
2872,551,15,2023-12-15,1
2873,657,35,2023-07-06,1
2874,557,24,2023-09-23,2
2875,395,33,2022-10-18,1
2876,326,16,2023-07-04,2
2877,893,8,2023-03-23,2
2878,919,29,2023-09-16,1
2879,91,23,2023-01-27,2
2880,750,45,2023-11-18,2
2881,70,31,2023-01-26,1
2882,166,40,2022-08-30,1
2883,642,49,2023-10-16,1
2884,214,14,2023-12-12,3
2885,852,30,2023-12-27,1
2886,601,39,2023-12-22,1
2887,335,27,2023-12-03,1
2888,764,47,2022-08-01,1
2889,369,16,2023-10-02,1
2890,861,6,2023-07-17,2
2891,584,33,2022-12-30,1
2892,677,44,2022-10-20,2
2893,49,18,2023-08-14,2
2894,52,16,2022-07-04,1
2895,289,12,2023-09-02,1
2896,790,20,2023-11-05,2
2897,626,45,2023-11-03,3
2898,239,40,2023-03-12,1
2899,133,29,2022-09-28,1
2900,999,30,2023-06-10,1
2901,786,26,2023-04-22,2
2902,166,22,2023-05-23,2
2903,374,33,2023-12-26,1
2904,373,39,2023-08-19,3
2905,805,47,2023-09-21,1
2906,478,29,2023-05-01,2
2907,755,22,2023-12-29,1
2908,479,45,2023-12-18,1
2909,832,13,2023-07-01,1
2910,650,9,2023-12-27,1
2911,591,24,2023-09-21,1
2912,682,15,2023-10-11,1
2913,635,36,2022-11-04,1
2914,688,13,2023-11-21,1
2915,300,27,2022-12-27,1
2916,82,44,2023-12-27,2
2917,87,37,2023-12-21,2
2918,225,7,2023-10-04,1
2919,16,8,2022-10-02,1
2920,822,37,2023-05-16,1
2921,358,41,2023-03-01,3
2922,163,14,2022-04-06,3
2923,610,12,2022-06-16,1
2924,668,36,2023-09-07,3
2925,514,40,2023-12-04,2
2926,350,17,2023-08-15,2
2927,909,40,2022-10-18,1
2928,681,29,2023-06-30,1
2929,464,27,2023-11-04,1
2930,827,1,2023-01-24,1
2931,837,34,2023-06-02,1
2932,375,4,2023-08-09,1
2933,92,24,2023-07-31,1
2934,181,21,2023-12-18,1
2935,743,33,2022-12-04,1
2936,301,7,2023-07-17,1
2937,660,1,2023-12-17,3
2938,792,41,2023-12-25,2
2939,189,3,2023-01-26,1
2940,859,44,2022-06-05,1
2941,862,15,2023-03-02,1
2942,314,31,2023-01-14,1
2943,493,16,2023-11-03,3
2944,923,10,2023-11-02,1
2945,922,29,2023-12-16,1
2946,128,6,2023-03-19,2
2947,519,29,2023-12-27,1
2948,426,17,2023-12-23,1
2949,559,22,2023-05-13,1
2950,565,24,2023-11-06,1
2951,187,17,2023-05-21,1
2952,550,21,2023-12-29,1
2953,453,50,2023-05-26,1
2954,471,11,2023-12-29,2
2955,988,7,2022-12-07,1
2956,738,42,2023-02-19,3
2957,565,39,2023-11-21,1
2958,911,5,2023-01-21,1
2959,224,44,2022-06-10,1
2960,154,48,2023-08-13,1
2961,560,21,2023-10-30,1
2962,351,18,2023-07-01,1
2963,147,35,2023-12-06,2
2964,905,20,2023-05-28,1
2965,576,15,2023-02-15,1
2966,349,5,2023-09-15,3
2967,182,13,2023-11-25,1
2968,637,12,2023-10-05,1
2969,179,21,2023-08-24,2
2970,39,37,2023-07-15,1
2971,772,6,2023-01-18,1
2972,894,7,2023-10-14,1
2973,3,26,2022-12-06,1
2974,64,42,2022-12-14,1
2975,29,48,2023-06-09,1
2976,372,8,2023-08-19,3
2977,523,9,2023-07-06,2
2978,97,27,2023-12-18,1
2979,870,4,2023-10-29,1
2980,442,21,2023-04-02,3
2981,203,31,2022-12-31,1
2982,411,21,2023-11-03,1
2983,993,40,2023-02-06,1
2984,21,25,2023-10-16,2
2985,551,39,2023-12-09,1
2986,735,15,2023-11-17,5
2987,102,35,2023-06-08,1
2988,46,49,2023-02-10,1
2989,66,43,2023-12-14,1
2990,603,41,2023-09-26,1
2991,164,37,2022-12-08,2
2992,971,42,2023-05-15,4
2993,111,47,2022-10-24,1
2994,338,28,2023-01-01,4
2995,123,14,2023-03-23,2
2996,705,4,2023-09-20,1
2997,447,20,2022-07-31,1
2998,611,34,2023-04-26,1
2999,291,12,2023-03-15,1
3000,671,33,2023-06-05,1
3001,412,24,2023-05-18,1
3002,615,20,2023-08-21,1
3003,897,5,2023-02-01,2
3004,281,38,2023-08-24,2
3005,43,30,2023-02-28,1
3006,486,24,2023-08-11,1
3007,596,43,2023-08-21,1
3008,963,40,2023-12-26,1
3009,703,7,2022-08-29,1
3010,51,36,2023-07-04,1
3011,898,38,2022-06-01,1
3012,210,16,2023-08-24,1
3013,126,15,2023-12-11,1
3014,492,46,2023-12-11,1
3015,509,23,2023-02-11,2
3016,960,12,2023-11-19,4
3017,970,29,2023-08-11,1
3018,581,44,2023-11-14,1
3019,777,48,2023-03-04,1
3020,258,15,2023-12-22,1
3021,930,29,2023-05-16,1
3022,188,45,2022-10-24,1
3023,230,43,2023-05-13,3
3024,189,49,2023-10-13,1
3025,415,21,2022-11-21,2
3026,10,15,2023-08-23,1
3027,114,14,2023-09-29,1
3028,76,42,2022-08-30,1
3029,676,44,2023-12-15,1
3030,502,16,2023-11-01,1
3031,85,15,2022-04-04,1
3032,49,42,2023-01-06,1
3033,495,4,2023-12-13,1
3034,838,27,2022-12-06,1
3035,689,23,2022-09-20,3
3036,387,29,2023-11-01,1
3037,970,41,2022-09-15,1
3038,389,9,2023-09-30,1
3039,218,43,2023-06-29,3
3040,701,43,2022-09-03,1
3041,981,7,2023-11-10,1
3042,346,42,2023-04-22,1
3043,230,4,2022-12-20,1
3044,255,5,2023-12-06,1
3045,236,5,2023-11-29,3
3046,26,11,2023-11-13,3
3047,584,41,2023-08-24,1
3048,261,28,2023-03-12,1
3049,766,16,2023-04-13,1
3050,271,41,2022-10-07,1
3051,123,30,2023-08-03,3
3052,656,4,2023-08-09,1
3053,257,2,2023-11-16,1
3054,656,46,2022-07-15,1
3055,421,3,2023-01-28,2
3056,259,50,2023-06-16,1
3057,948,21,2023-10-09,1
3058,47,6,2023-10-05,1
3059,863,43,2023-12-23,1
3060,525,18,2023-12-23,4
3061,888,44,2023-12-25,1
3062,208,5,2023-09-12,1
3063,311,9,2023-10-30,1
3064,747,20,2023-01-24,2
3065,149,28,2023-10-05,1
3066,834,26,2023-04-06,1
3067,438,18,2023-03-04,1
3068,155,19,2022-10-26,1
3069,678,3,2023-11-21,2
3070,90,9,2023-06-27,3
3071,698,36,2023-12-21,1
3072,830,31,2023-12-23,1
3073,358,49,2023-10-19,4
3074,174,17,2022-12-27,1
3075,217,23,2023-06-27,1
3076,907,34,2023-10-01,1
3077,456,41,2023-02-22,1
3078,776,41,2023-11-28,1
3079,609,5,2022-04-05,2
3080,629,15,2023-08-27,2
3081,199,47,2023-12-29,1
3082,832,3,2023-11-09,1
3083,486,19,2023-05-26,1
3084,533,28,2023-01-06,1
3085,200,3,2023-05-08,1
3086,371,38,2022-10-14,1
3087,959,4,2023-02-04,4
3088,853,24,2023-10-13,2
3089,448,31,2023-05-31,1
3090,248,45,2023-08-28,1
3091,788,45,2023-11-12,1
3092,264,11,2023-11-28,4
3093,58,37,2023-11-04,1
3094,302,1,2023-02-14,1
3095,31,9,2023-06-10,1
3096,498,17,2023-06-13,3
3097,249,1,2023-10-20,3
3098,605,3,2022-10-23,1
3099,777,47,2023-07-31,3
3100,271,26,2023-10-31,1
3101,606,31,2023-07-02,1
3102,666,26,2023-05-27,2
3103,394,23,2023-12-04,3
3104,797,30,2023-12-29,1
3105,502,10,2023-11-23,1
3106,592,8,2023-03-16,2
3107,804,44,2022-12-14,2
3108,84,25,2023-12-22,3
3109,365,22,2022-04-30,1
3110,886,15,2023-01-27,4
3111,549,41,2023-12-10,5
3112,342,10,2023-10-30,1
3113,839,20,2023-10-06,2
3114,407,41,2023-03-16,1
3115,425,47,2023-03-17,1
3116,744,23,2023-08-21,1
3117,93,1,2023-02-24,1
3118,848,2,2023-05-09,1
3119,614,19,2023-12-17,3
3120,412,14,2023-06-06,1
3121,432,8,2023-04-12,1
3122,678,38,2023-12-29,3
3123,159,12,2023-05-27,1
3124,14,26,2023-09-28,1
3125,373,27,2022-12-01,1
3126,225,29,2023-11-04,1
3127,505,15,2022-06-23,1
3128,73,46,2023-10-25,2
3129,249,1,2023-12-25,1
3130,511,43,2023-11-05,2
3131,603,28,2023-10-06,1
3132,216,3,2023-11-23,1
3133,973,18,2023-02-23,1
3134,602,34,2023-09-29,2
3135,541,32,2023-05-03,1
3136,947,29,2023-04-12,1
3137,817,25,2023-06-17,1
3138,939,26,2022-07-10,1
3139,988,39,2023-07-01,1
3140,220,8,2023-06-30,1
3141,840,19,2023-12-28,1
3142,727,47,2023-11-25,2
3143,221,42,2023-06-07,1
3144,389,22,2023-12-16,1
3145,554,29,2023-09-12,1
3146,647,33,2023-05-27,1
3147,42,38,2023-07-08,3
3148,676,45,2023-12-19,1
3149,873,46,2023-06-05,1
3150,283,35,2022-10-21,2
3151,58,43,2023-10-20,1
3152,814,3,2023-05-26,1
3153,834,19,2022-09-18,1
3154,537,10,2023-09-20,2
3155,73,27,2023-05-20,4
3156,885,15,2023-11-04,3
3157,923,11,2023-08-25,1
3158,129,47,2022-11-24,5
3159,599,26,2023-09-19,1
3160,842,24,2023-12-23,1
3161,426,13,2023-08-08,2
3162,948,32,2023-10-23,1
3163,665,37,2023-04-04,1
3164,694,4,2023-06-04,1
3165,125,13,2023-09-29,1
3166,67,9,2023-08-04,2
3167,6,49,2023-03-08,1
3168,637,34,2023-09-19,1
3169,314,37,2023-03-21,1
3170,326,48,2023-11-08,3
3171,565,7,2023-12-01,2
3172,578,1,2023-06-15,1
3173,826,12,2023-12-30,5
3174,506,21,2023-11-21,2
3175,82,11,2023-12-29,1
3176,599,44,2023-12-24,1
3177,2,44,2023-06-28,1
3178,204,44,2023-07-23,2
3179,662,14,2023-12-28,1
3180,805,34,2023-06-06,1
3181,404,34,2023-09-30,1
3182,103,25,2023-09-05,3
3183,536,4,2023-09-01,1
3184,368,26,2023-12-12,3
3185,212,16,2023-04-05,3
3186,577,10,2022-12-11,1
3187,961,45,2023-12-09,1
3188,209,2,2023-12-11,1
3189,763,35,2023-12-22,3
3190,897,19,2023-03-12,1
3191,117,6,2023-11-26,1
3192,628,19,2023-05-16,1
3193,749,8,2023-12-10,1
3194,478,14,2023-11-13,3
3195,105,10,2023-06-30,1
3196,495,3,2023-12-21,3
3197,771,38,2023-10-17,1
3198,46,29,2023-10-07,1
3199,823,15,2023-09-23,4
3200,331,23,2023-11-06,1
3201,216,23,2023-04-13,3
3202,982,18,2023-06-10,1
3203,960,46,2023-10-15,1
3204,492,19,2023-12-09,1
3205,813,28,2023-05-28,5
3206,922,26,2023-10-01,4
3207,845,10,2023-08-30,1
3208,449,47,2022-09-12,1
3209,536,4,2023-05-25,1
3210,511,2,2023-10-25,1
3211,458,3,2023-02-06,2
3212,547,7,2022-09-04,1
3213,536,16,2023-11-20,4
3214,540,31,2023-10-24,1
3215,484,10,2023-11-24,2
3216,976,19,2023-06-26,1
3217,1000,28,2022-05-18,1
3218,16,17,2023-03-17,4
3219,571,28,2023-09-29,1
3220,977,19,2022-11-09,3
3221,243,37,2023-12-06,4
3222,950,23,2023-10-31,1
3223,207,20,2023-12-21,1
3224,912,13,2023-08-15,1
3225,271,13,2022-12-11,1
3226,761,43,2022-09-12,1
3227,994,11,2023-02-28,1
3228,779,48,2023-12-29,1
3229,705,15,2023-09-21,1
3230,847,17,2023-01-20,1
3231,730,50,2023-05-25,1
3232,115,28,2023-11-01,1
3233,580,19,2023-11-04,1
3234,299,4,2023-05-28,1
3235,837,22,2023-04-02,1
3236,483,22,2023-03-17,1
3237,397,37,2023-10-12,1
3238,394,39,2023-12-12,2
3239,75,34,2023-09-30,1
3240,978,33,2023-09-02,1
3241,482,44,2023-10-11,4
3242,103,42,2022-03-31,2
3243,297,40,2023-04-27,1
3244,178,33,2023-08-16,1
3245,215,12,2023-02-20,1
3246,967,2,2023-06-19,1
3247,315,28,2023-08-09,5
3248,39,10,2023-04-25,1
3249,259,22,2023-07-23,3
3250,716,17,2023-06-26,1
3251,7,26,2023-11-10,5
3252,49,3,2023-09-19,1
3253,538,7,2022-11-27,1
3254,161,44,2022-12-05,1
3255,869,8,2023-06-18,1
3256,176,20,2023-04-30,1
3257,591,12,2022-04-17,2
3258,2,35,2023-01-05,1
3259,895,17,2023-06-30,2
3260,455,28,2023-11-21,1
3261,928,41,2022-10-11,1
3262,644,10,2023-11-19,4
3263,276,22,2023-07-15,1
3264,498,38,2022-11-05,1
3265,629,33,2023-10-04,1
3266,676,22,2023-12-28,1
3267,800,44,2023-09-21,3
3268,28,37,2023-03-05,1
3269,333,13,2023-11-22,1
3270,1,27,2023-11-01,3
3271,188,15,2023-08-17,1
3272,56,22,2022-11-12,1
3273,547,30,2023-03-20,4
3274,112,43,2023-11-26,1
3275,798,40,2023-09-01,2
3276,310,37,2023-12-17,1
3277,36,34,2023-07-31,2
3278,439,44,2023-10-04,3
3279,729,34,2023-12-05,1
3280,592,48,2023-05-08,1
3281,826,35,2023-12-23,1
3282,595,42,2023-10-01,2
3283,577,19,2023-04-15,1
3284,325,8,2023-08-26,1
3285,640,39,2023-11-04,1
3286,307,33,2023-07-20,4
3287,534,44,2023-12-28,1
3288,728,28,2023-04-23,1
3289,619,37,2023-02-05,1
3290,109,48,2023-08-11,1
3291,372,25,2023-10-11,1
3292,357,36,2022-10-24,1
3293,181,17,2023-09-26,3
3294,356,24,2023-11-13,5
3295,676,21,2023-12-20,1
3296,68,2,2022-11-04,1
3297,292,31,2023-07-28,1
3298,692,44,2023-01-30,1
3299,181,33,2023-12-01,1
3300,466,30,2023-06-11,1
3301,434,12,2023-12-17,1
3302,464,44,2023-08-26,2
3303,681,12,2023-06-16,2
3304,914,49,2023-12-16,1
3305,534,24,2023-12-30,1
3306,66,24,2023-12-30,3
3307,21,11,2023-12-27,4
3308,612,13,2022-08-17,1
3309,384,27,2023-11-09,1
3310,812,8,2023-12-30,1
3311,615,10,2023-07-18,1
3312,559,8,2023-10-05,1
3313,39,20,2022-11-05,1
3314,285,8,2023-12-18,1
3315,822,9,2023-10-22,1
3316,602,7,2023-02-02,1
3317,597,14,2023-06-23,4
3318,785,28,2022-10-28,1
3319,336,2,2023-07-06,1
3320,188,43,2023-10-20,1
3321,671,8,2023-01-11,1
3322,243,13,2023-12-28,1
3323,73,21,2023-08-28,1
3324,479,47,2023-07-29,1
3325,974,28,2023-10-24,1
3326,561,35,2023-07-27,1
3327,101,23,2023-06-12,2
3328,514,46,2023-06-08,1
3329,756,15,2023-01-09,1
3330,176,2,2023-09-13,1
3331,238,12,2023-05-08,1
3332,910,36,2023-08-03,1
3333,59,3,2023-11-21,1
3334,865,5,2023-06-01,5
3335,99,3,2023-12-21,3
3336,954,47,2023-05-29,1
3337,871,19,2023-06-29,3
3338,954,2,2023-12-24,1
3339,495,44,2023-12-20,4
3340,947,37,2023-12-15,1
3341,980,17,2023-12-27,1
3342,514,14,2023-11-30,1
3343,755,28,2023-12-27,1
3344,297,27,2022-12-29,2
3345,211,10,2023-04-17,3
3346,123,3,2023-09-12,1
3347,229,36,2022-10-08,2
3348,594,38,2023-11-18,2
3349,656,25,2022-07-26,1
3350,388,22,2023-11-22,1
3351,140,48,2023-07-28,1
3352,541,39,2023-10-24,1
3353,391,47,2023-12-05,1
3354,270,30,2023-05-04,1
3355,759,21,2023-10-16,1
3356,12,30,2023-11-19,1
3357,867,28,2023-11-03,3
3358,389,31,2023-08-13,1
3359,337,26,2023-05-05,1
3360,506,43,2023-11-08,1
3361,106,22,2023-10-28,1
3362,32,21,2022-09-10,1
3363,74,1,2023-10-20,1
3364,171,37,2023-12-07,1
3365,849,13,2023-11-01,1
3366,69,21,2023-02-06,1
3367,813,46,2023-10-13,1
3368,362,9,2023-01-14,1
3369,649,17,2023-10-24,1
3370,433,47,2022-04-14,1
3371,929,21,2023-10-19,1
3372,996,31,2023-10-29,2
3373,100,39,2023-04-29,1
3374,658,22,2023-01-04,2
3375,9,12,2023-12-20,2
3376,574,6,2023-08-11,1
3377,697,16,2023-06-27,1
3378,29,26,2023-04-23,1
3379,893,5,2023-08-05,1
3380,114,9,2023-11-29,1
3381,462,46,2023-06-04,1
3382,921,40,2023-04-12,1
3383,143,14,2023-05-23,1
3384,390,44,2023-12-12,2
3385,632,42,2023-12-11,1
3386,682,30,2023-11-18,3
3387,157,26,2023-08-15,4
3388,335,45,2023-12-15,4
3389,861,29,2023-05-01,2
3390,260,19,2023-08-10,1
3391,82,47,2023-12-22,1
3392,754,8,2023-11-23,1
3393,441,23,2023-12-24,1
3394,945,42,2022-11-03,2
3395,172,35,2023-08-18,5
3396,231,31,2022-06-21,1
3397,720,35,2023-09-22,1
3398,75,32,2023-03-15,1
3399,270,5,2023-12-28,1
3400,899,16,2023-04-08,1
3401,626,17,2023-12-17,1
3402,62,32,2023-12-25,2
3403,874,38,2023-10-11,1
3404,320,32,2023-10-19,3
3405,102,20,2022-10-07,1
3406,429,48,2023-07-05,2
3407,874,2,2023-10-16,1
3408,722,20,2023-03-21,3
3409,954,47,2023-09-11,1
3410,255,18,2023-06-11,1
3411,532,1,2023-11-12,1
3412,570,29,2023-12-16,3
3413,112,29,2023-11-19,1
3414,985,19,2023-06-21,1
3415,313,44,2023-05-11,1
3416,998,40,2023-11-08,1
3417,461,6,2022-10-29,2
3418,708,44,2023-10-29,1
3419,887,39,2023-07-16,1
3420,462,50,2023-12-22,5
3421,865,46,2023-09-03,2
3422,92,8,2023-05-25,3
3423,52,24,2023-09-03,1
3424,805,20,2023-06-29,1
3425,520,14,2023-12-04,1
3426,812,5,2023-06-10,2
3427,98,41,2023-10-31,1
3428,236,40,2023-04-05,1
3429,901,34,2023-05-19,1
3430,374,16,2023-08-18,1
3431,581,45,2023-11-18,2
3432,927,7,2022-04-18,1
3433,557,16,2023-08-23,1
3434,649,7,2022-12-29,3
3435,234,27,2022-09-23,1
3436,32,14,2022-12-23,1
3437,289,14,2023-10-20,4
3438,638,44,2023-07-11,4
3439,579,33,2023-12-10,1
3440,542,33,2023-05-01,1
3441,114,44,2023-07-21,1
3442,204,20,2023-12-25,2
3443,29,47,2023-07-06,2
3444,643,36,2023-11-27,1
3445,474,7,2022-05-02,1
3446,697,32,2023-08-17,1
3447,253,48,2023-08-10,1
3448,798,3,2022-10-17,1
3449,905,39,2022-12-01,2
3450,922,29,2023-10-05,1
3451,386,24,2022-12-05,1
3452,62,22,2023-12-23,1
3453,515,6,2023-12-07,1
3454,430,48,2023-10-07,1
3455,580,24,2023-11-06,1
3456,537,40,2023-12-15,1
3457,691,23,2023-09-13,1
3458,141,38,2023-09-24,1
3459,743,10,2023-01-02,2
3460,300,16,2023-11-01,1
3461,675,11,2023-09-13,1
3462,311,32,2023-06-16,2
3463,471,45,2023-12-29,1
3464,393,6,2023-06-13,4
3465,642,24,2023-11-27,1
3466,445,33,2023-06-19,2
3467,758,12,2023-08-08,4
3468,809,27,2023-05-11,3
3469,172,38,2023-10-04,1
3470,576,18,2023-04-24,1
3471,31,45,2022-10-14,1
3472,47,39,2023-09-15,1
3473,130,13,2023-11-19,2
3474,352,40,2023-01-05,1
3475,978,30,2023-09-02,1
3476,845,49,2022-07-29,1
3477,622,41,2023-04-11,1
3478,581,13,2023-12-03,3
3479,58,34,2023-10-20,2
3480,106,36,2022-10-11,1
3481,812,30,2023-10-31,1
3482,330,25,2022-03-28,1
3483,768,2,2023-10-15,1
3484,824,36,2023-10-03,4
3485,683,18,2023-10-23,3
3486,383,5,2023-09-17,1
3487,985,19,2023-02-01,1
3488,162,42,2023-06-15,1
3489,997,18,2023-11-15,1
3490,286,32,2023-05-08,1
3491,71,21,2023-10-09,1
3492,767,10,2023-09-13,1
3493,454,37,2023-06-03,1
3494,886,49,2022-10-21,1
3495,567,22,2023-05-08,4
3496,835,13,2023-01-22,2
3497,397,17,2023-02-27,1
3498,515,9,2023-10-27,1
3499,26,24,2023-11-06,1
3500,313,44,2023-12-28,1
3501,126,14,2023-11-15,1
3502,408,46,2023-12-18,2
3503,565,8,2023-12-28,1
3504,198,37,2022-09-26,1
3505,811,19,2023-10-01,1
3506,188,28,2023-12-08,3
3507,698,46,2023-12-17,3
3508,817,41,2023-05-29,1
3509,810,30,2023-12-28,1
3510,716,7,2023-07-23,1
3511,484,26,2023-11-17,1
3512,450,40,2023-12-30,1
3513,523,46,2023-10-17,1
3514,871,46,2023-07-02,1
3515,354,11,2023-12-01,1
3516,986,14,2023-02-14,1
3517,658,21,2023-09-01,3
3518,597,8,2023-05-07,1
3519,100,3,2023-03-17,1
3520,616,28,2023-10-25,1
3521,948,29,2023-09-15,1
3522,558,23,2023-08-27,1
3523,556,18,2023-11-05,1
3524,278,35,2023-06-03,1
3525,693,13,2023-05-25,1
3526,699,12,2023-12-20,1
3527,990,47,2023-04-29,1
3528,626,50,2023-10-31,4
3529,491,5,2023-11-18,1
3530,255,39,2022-12-24,1
3531,381,11,2023-11-17,1
3532,892,11,2023-09-24,3
3533,542,47,2023-03-13,1
3534,264,42,2023-12-29,2
3535,610,47,2022-06-08,3
3536,825,31,2023-12-10,1
3537,879,31,2022-11-29,1
3538,329,13,2023-11-19,1
3539,115,14,2023-10-23,2
3540,276,49,2023-04-29,1
3541,488,45,2023-10-01,1
3542,281,42,2023-06-17,1
3543,275,25,2023-10-18,1
3544,773,33,2023-06-16,1
3545,843,33,2023-02-04,1
3546,719,15,2022-11-26,1
3547,896,16,2023-11-13,1
3548,328,44,2022-11-13,1
3549,211,38,2023-07-16,3
3550,727,6,2023-10-06,1
3551,923,44,2023-06-14,3
3552,552,25,2023-01-24,1
3553,992,15,2023-12-27,1
3554,26,4,2023-12-21,2
3555,27,4,2023-03-10,1
3556,702,30,2023-07-10,5
3557,83,34,2023-12-14,3
3558,896,27,2023-11-27,1
3559,946,31,2023-08-20,1
3560,682,32,2023-12-01,1
3561,413,44,2023-06-08,1
3562,167,39,2023-08-12,1
3563,700,9,2023-12-26,1
3564,169,41,2023-10-20,1
3565,801,8,2023-12-05,1
3566,979,14,2023-05-30,2
3567,229,33,2023-05-02,2
3568,979,23,2023-06-06,1
3569,609,21,2022-10-22,3
3570,367,12,2023-06-12,1
3571,528,2,2023-05-11,1
3572,791,13,2023-08-03,1
3573,647,4,2023-07-06,1
3574,538,20,2023-09-20,1
3575,864,50,2022-12-18,3
3576,524,48,2023-12-29,4
3577,72,14,2023-02-23,1
3578,645,30,2023-11-01,2
3579,106,29,2023-06-26,1
3580,732,8,2022-08-14,1
3581,885,12,2023-05-22,2
3582,965,41,2023-09-24,1
3583,689,38,2023-01-12,1
3584,282,26,2022-12-04,1
3585,133,50,2022-05-14,1
3586,534,2,2023-12-16,1
3587,975,40,2023-08-08,1
3588,269,14,2023-06-03,1
3589,412,6,2023-11-08,1
3590,673,42,2023-11-08,1
3591,619,40,2023-03-01,1
3592,791,31,2022-11-07,3
3593,865,17,2022-11-11,1
3594,747,25,2022-09-08,1
3595,18,32,2023-08-05,1
3596,754,12,2023-05-14,1
3597,117,49,2022-09-17,1
3598,798,13,2023-11-27,1
3599,794,19,2023-11-23,5
3600,144,44,2023-10-05,1
3601,717,48,2022-12-05,1
3602,551,25,2023-11-30,1
3603,929,31,2023-11-20,1
3604,666,37,2023-11-10,1
3605,688,25,2023-09-19,1
3606,961,16,2023-12-29,3
3607,753,38,2023-08-17,1
3608,422,43,2022-08-25,2
3609,898,49,2022-12-31,1
3610,369,23,2023-09-28,1
3611,646,14,2023-05-30,1
3612,558,6,2022-10-31,1
3613,50,25,2023-08-29,3
3614,678,23,2023-12-09,1
3615,106,43,2022-10-27,1
3616,216,12,2023-05-15,4
3617,658,13,2023-10-15,3
3618,923,36,2023-06-19,2
3619,425,39,2022-07-25,3
3620,72,34,2023-12-22,1
3621,988,6,2023-03-14,2
3622,842,38,2023-10-24,1
3623,785,50,2022-12-29,3
3624,759,40,2023-11-06,2
3625,446,8,2023-03-09,1
3626,925,8,2023-02-01,2
3627,186,40,2023-01-30,1
3628,70,33,2022-04-23,1
3629,974,34,2023-08-24,1
3630,150,44,2023-11-22,3
3631,246,15,2023-12-19,1
3632,774,36,2023-09-20,1
3633,538,35,2023-04-30,1
3634,935,46,2023-11-13,4
3635,652,22,2023-07-22,1
3636,99,23,2023-12-22,2
3637,910,40,2022-11-17,3
3638,278,45,2023-04-25,1
3639,563,22,2023-11-20,1
3640,663,5,2023-09-29,2
3641,944,31,2023-03-06,3
3642,455,13,2023-09-12,2
3643,104,28,2023-01-17,1
3644,946,20,2023-11-05,3
3645,601,33,2023-12-27,1
3646,653,16,2023-07-15,1
3647,725,29,2023-04-30,2
3648,233,23,2023-11-27,1
3649,394,24,2023-12-25,2
3650,501,34,2023-11-03,1
3651,695,7,2023-04-06,3
3652,251,38,2023-08-04,1
3653,521,37,2022-06-21,1
3654,79,4,2022-11-26,2
3655,52,34,2022-09-20,1
3656,898,42,2022-06-12,1
3657,921,22,2023-12-25,5
3658,781,5,2023-12-07,1
3659,226,50,2023-08-17,4
3660,51,42,2023-10-18,1
3661,186,23,2023-11-05,1
3662,34,15,2023-12-23,2
3663,803,31,2023-12-30,1
3664,742,9,2023-08-24,1
3665,131,43,2023-09-26,1
3666,632,25,2023-06-13,2
3667,443,25,2023-06-03,1
3668,838,49,2023-11-16,1
3669,759,21,2023-10-28,1
3670,432,9,2022-05-24,1
3671,704,48,2023-12-26,1
3672,497,38,2023-12-13,1
3673,403,22,2022-12-21,1
3674,323,43,2023-12-23,1
3675,210,23,2023-12-06,1
3676,615,49,2023-07-13,1
3677,329,4,2023-09-18,1
3678,372,29,2023-10-25,3
3679,460,15,2022-08-02,1
3680,133,1,2022-06-07,1
3681,835,30,2023-05-12,1
3682,651,29,2023-09-06,1
3683,121,20,2023-10-17,2
3684,606,33,2022-06-13,5
3685,452,41,2023-12-29,1
3686,965,44,2023-03-18,1
3687,129,36,2023-12-26,1
3688,91,22,2023-05-29,1
3689,604,13,2023-11-06,3
3690,575,7,2023-12-09,1
3691,29,8,2023-05-23,1
3692,722,28,2023-10-22,1
3693,524,45,2023-12-26,2
3694,333,43,2023-12-04,1
3695,297,9,2022-12-12,3
3696,130,25,2023-09-27,1
3697,293,16,2023-06-09,1
3698,173,10,2023-12-09,2
3699,720,11,2023-12-18,1
3700,944,31,2023-03-28,1
3701,24,12,2023-11-16,1
3702,99,31,2023-12-29,1
3703,406,14,2023-09-29,1
3704,356,44,2023-12-02,3
3705,139,32,2023-12-01,1
3706,503,50,2022-10-04,2
3707,826,17,2023-12-27,1
3708,174,35,2022-12-30,1
3709,29,1,2023-12-19,1
3710,931,29,2023-07-01,3
3711,496,4,2023-11-07,2
3712,655,23,2022-09-09,2
3713,828,28,2023-01-18,1
3714,351,16,2023-12-09,1
3715,554,12,2023-12-09,1
3716,299,21,2023-01-24,3
3717,720,45,2023-05-27,1
3718,842,17,2023-10-16,1
3719,945,40,2023-02-10,1
3720,192,13,2022-05-12,1
3721,672,32,2023-03-16,1
3722,64,37,2023-09-02,3
3723,755,50,2023-12-28,1
3724,770,15,2023-08-01,3
3725,664,12,2023-04-23,2
3726,215,49,2023-05-18,1
3727,834,15,2022-10-25,1
3728,166,34,2023-10-15,1
3729,543,6,2023-12-29,3
3730,883,17,2023-12-11,1
3731,232,48,2023-12-29,1
3732,794,49,2023-01-30,1
3733,541,20,2023-08-13,1
3734,195,9,2023-06-12,1
3735,506,5,2023-10-13,1
3736,334,23,2022-07-10,2
3737,768,33,2023-12-18,2
3738,793,38,2023-10-28,1
3739,304,14,2022-11-20,1
3740,833,17,2023-08-26,3
3741,437,19,2023-04-04,1
3742,323,33,2023-08-31,3
3743,502,1,2023-08-18,1
3744,858,13,2022-04-21,1
3745,914,46,2023-12-28,1
3746,393,27,2023-09-08,1
3747,806,6,2023-05-07,3
3748,599,6,2023-12-21,1
3749,149,33,2023-12-11,1
3750,761,30,2022-11-25,1
3751,833,46,2023-10-29,2
3752,405,35,2023-11-14,1
3753,283,23,2023-03-03,2
3754,362,10,2023-05-09,1
3755,379,19,2023-11-04,1
3756,198,28,2022-07-06,2
3757,556,23,2023-06-14,1
3758,356,4,2023-11-08,1
3759,540,20,2023-10-13,1
3760,429,19,2023-08-30,1
3761,17,42,2023-05-25,1
3762,639,27,2023-10-08,1
3763,379,34,2023-07-22,1
3764,680,4,2023-10-04,1
3765,506,38,2023-11-02,1
3766,756,7,2023-09-21,1
3767,899,48,2023-07-25,4
3768,76,7,2023-09-22,3
3769,231,50,2022-07-08,1
3770,716,26,2023-06-06,1
3771,962,26,2022-10-16,3
3772,248,19,2023-08-08,1
3773,302,9,2022-12-18,1
3774,726,20,2023-07-24,2
3775,215,42,2023-12-08,1
3776,158,45,2023-02-17,1
3777,69,50,2023-06-03,4
3778,393,16,2023-07-28,1
3779,85,17,2023-04-01,1
3780,267,22,2022-07-28,1
3781,69,13,2022-09-19,1
3782,611,12,2023-06-04,2
3783,347,10,2023-12-06,1
3784,962,1,2022-07-24,1
3785,728,32,2023-10-03,3
3786,927,30,2022-06-11,1
3787,673,8,2023-07-15,1
3788,423,21,2023-11-09,1
3789,606,22,2022-12-10,1
3790,174,18,2022-11-23,1
3791,677,2,2023-02-27,3
3792,115,48,2023-11-17,3
3793,220,44,2023-05-03,1
3794,956,9,2023-12-28,1
3795,31,3,2023-11-16,1
3796,523,26,2023-08-23,1
3797,343,21,2023-01-22,1
3798,377,30,2023-02-17,3
3799,130,28,2023-07-20,1
3800,1000,36,2022-06-14,1
3801,617,26,2023-12-01,1
3802,539,34,2023-12-27,1
3803,739,8,2023-12-06,1
3804,2,10,2022-08-29,1
3805,871,48,2023-10-21,1
3806,101,43,2023-06-10,1
3807,533,50,2023-10-21,1
3808,58,14,2023-12-10,1
3809,389,40,2023-11-02,1
3810,692,15,2022-12-14,3
3811,941,17,2023-12-05,1
3812,341,18,2023-08-17,1
3813,861,32,2023-05-13,1
3814,20,38,2023-12-12,2
3815,255,23,2022-05-26,1
3816,317,46,2023-12-05,1
3817,38,23,2023-10-16,1
3818,660,35,2023-12-28,1
3819,537,39,2023-12-20,1
3820,386,15,2023-02-04,1
3821,633,24,2023-12-11,2
3822,928,28,2022-12-13,1
3823,26,16,2023-08-14,1
3824,454,16,2023-02-20,1
3825,681,40,2023-02-07,1
3826,323,39,2023-11-12,1
3827,737,6,2023-12-16,3
3828,513,2,2023-07-01,5
3829,819,13,2023-12-13,1
3830,773,44,2022-11-28,1
3831,13,47,2023-07-27,1
3832,915,9,2023-06-21,1
3833,908,34,2023-04-26,1
3834,560,17,2023-03-20,2
3835,921,27,2023-06-07,2
3836,825,29,2023-12-29,1
3837,371,37,2022-07-31,1
3838,291,43,2022-08-25,1
3839,332,22,2023-05-08,1
3840,606,24,2023-11-07,1
3841,261,7,2023-07-28,1
3842,994,34,2023-12-03,1
3843,790,48,2023-10-22,1
3844,871,12,2023-09-16,1
3845,205,23,2023-12-14,2
3846,697,15,2023-12-23,1
3847,687,33,2023-12-02,1
3848,950,13,2023-12-15,1
3849,387,23,2023-10-16,1
3850,892,38,2023-07-01,1
3851,821,32,2023-07-23,1
3852,468,45,2023-07-28,1
3853,415,50,2023-01-27,1
3854,69,35,2023-08-13,4
3855,472,1,2023-04-09,1
3856,104,47,2023-10-30,1
3857,758,45,2022-11-03,1
3858,161,5,2022-12-10,1
3859,200,13,2023-09-07,2
3860,216,5,2023-12-27,1
3861,946,32,2023-10-16,1
3862,212,21,2023-04-13,1
3863,508,24,2023-06-18,1
3864,16,18,2023-11-02,3
3865,498,21,2023-06-04,1
3866,884,10,2023-09-17,1
3867,332,24,2023-09-09,3
3868,717,40,2023-04-24,3
3869,877,47,2023-12-27,1
3870,551,21,2023-11-25,1
3871,601,25,2023-12-18,1
3872,942,23,2022-11-20,1
3873,256,22,2023-05-05,4
3874,992,4,2023-12-09,1
3875,766,34,2022-03-22,1
3876,728,6,2023-04-05,3
3877,880,28,2023-02-20,1
3878,815,31,2023-10-03,1
3879,172,35,2023-12-13,3
3880,649,39,2023-11-26,2
3881,1000,42,2022-10-09,2
3882,498,23,2022-11-18,1
3883,471,6,2023-12-30,2
3884,384,16,2023-09-13,1
3885,690,2,2023-06-21,1
3886,589,24,2022-08-02,5
3887,700,17,2023-07-20,1
3888,507,45,2023-07-03,2
3889,992,1,2023-12-29,1
3890,527,6,2023-10-12,1
3891,804,5,2022-07-09,2
3892,831,45,2023-05-31,1
3893,325,50,2023-12-24,1
3894,214,29,2023-12-24,1
3895,208,12,2023-08-02,3
3896,169,39,2023-12-20,1
3897,330,47,2023-10-20,1
3898,280,3,2023-12-29,1
3899,978,48,2023-06-17,3
3900,305,1,2023-10-27,2
3901,146,27,2023-06-24,2
3902,775,48,2023-12-25,1
3903,516,24,2023-05-04,1
3904,90,44,2023-08-28,1
3905,453,19,2022-06-03,1
3906,60,8,2023-11-20,1
3907,311,44,2023-08-21,4
3908,528,47,2023-10-17,2
3909,227,2,2023-12-26,1
3910,474,30,2022-12-26,1
3911,978,30,2023-12-02,2
3912,541,49,2022-12-28,1
3913,663,39,2022-08-14,1
3914,757,45,2023-05-21,1
3915,782,32,2023-10-02,1
3916,79,1,2023-10-30,2
3917,433,38,2022-11-04,1
3918,801,13,2023-11-29,1
3919,153,11,2023-12-24,1
3920,789,10,2023-12-16,2
3921,401,48,2023-12-20,1
3922,279,26,2023-01-24,1
3923,57,20,2023-10-30,3
3924,977,17,2022-10-31,4
3925,186,17,2023-08-24,5
3926,398,4,2022-10-27,2
3927,605,5,2023-08-22,1
3928,788,23,2023-04-22,1
3929,158,46,2022-11-02,1
3930,787,10,2023-08-13,1
3931,693,46,2023-12-11,4
3932,359,28,2022-09-14,2
3933,440,33,2023-10-24,2
3934,589,43,2022-07-11,1
3935,466,26,2023-10-03,3
3936,663,50,2022-12-28,2
3937,446,48,2023-10-20,1
3938,750,29,2023-12-03,3
3939,801,27,2023-10-29,1
3940,743,18,2023-01-04,1
3941,488,40,2023-08-08,1
3942,530,10,2023-11-28,1
3943,73,42,2023-04-12,1
3944,929,5,2023-07-28,1
3945,928,10,2023-05-12,5
3946,701,50,2022-11-24,1
3947,950,21,2023-10-01,2
3948,17,24,2022-10-29,1
3949,531,38,2023-05-19,1
3950,731,3,2023-09-26,1
3951,326,40,2023-07-11,1
3952,995,31,2023-12-22,1
3953,632,41,2023-08-14,1
3954,613,37,2023-11-14,1
3955,546,2,2023-12-18,1
3956,596,2,2023-10-12,2
3957,921,39,2022-11-25,1
3958,708,49,2023-12-08,1
3959,842,42,2023-10-13,1
3960,202,44,2023-12-09,1
3961,344,34,2023-10-25,1
3962,853,42,2023-06-19,4
3963,523,20,2023-11-16,2
3964,859,33,2022-06-14,1
3965,400,4,2023-11-27,1
3966,218,45,2023-06-28,1
3967,445,44,2023-06-12,2
3968,765,11,2023-11-27,1
3969,222,42,2022-06-09,1
3970,383,47,2023-09-19,2
3971,881,5,2023-01-06,2
3972,592,25,2023-12-04,2
3973,7,49,2022-12-27,3
3974,272,37,2023-08-17,3
3975,739,34,2023-11-20,1
3976,16,9,2023-03-11,1
3977,424,6,2023-03-29,2
3978,524,18,2023-12-14,1
3979,803,14,2023-12-27,5
3980,753,19,2023-12-11,1
3981,21,14,2023-10-23,1
3982,690,40,2023-09-27,1
3983,939,17,2023-10-04,1
3984,228,35,2023-11-05,1
3985,785,29,2023-12-08,2
3986,288,42,2023-10-30,1
3987,809,17,2022-12-01,2
3988,134,43,2023-02-07,1
3989,984,8,2023-05-05,1
3990,283,1,2022-11-20,1
3991,404,45,2023-12-03,1
3992,665,36,2023-07-03,2
3993,66,7,2023-12-25,3
3994,649,46,2022-11-09,3
3995,604,5,2023-07-28,4
3996,437,24,2023-03-03,1
3997,829,28,2022-05-26,3
3998,934,43,2023-04-16,2
3999,259,17,2023-05-09,3
4000,980,37,2023-12-24,1
4001,966,20,2023-11-08,4
4002,103,3,2022-02-27,1
4003,993,37,2023-12-07,2
4004,567,26,2023-09-01,1
4005,769,15,2023-12-18,1
4006,101,48,2023-08-07,1
4007,198,8,2023-10-14,1
4008,813,13,2023-08-14,1
4009,226,48,2023-11-23,2
4010,943,3,2022-05-12,1
4011,463,1,2022-11-25,1
4012,237,9,2023-12-01,1
4013,26,31,2023-08-31,1
4014,121,41,2023-10-19,1
4015,910,26,2023-07-27,1
4016,506,17,2023-09-13,1
4017,182,34,2023-01-16,1
4018,711,9,2022-07-18,1
4019,814,13,2023-12-23,1
4020,767,5,2023-08-16,1
4021,634,41,2023-04-05,4
4022,543,13,2023-12-17,1
4023,984,1,2022-09-06,1
4024,315,25,2023-07-20,1
4025,991,47,2023-12-18,1
4026,797,4,2023-12-01,1
4027,618,36,2023-09-17,1
4028,736,10,2023-11-03,1
4029,273,28,2023-09-23,1
4030,910,6,2022-06-02,1
4031,232,27,2023-12-27,1
4032,420,12,2023-07-08,5
4033,768,48,2023-12-02,1
4034,442,3,2023-04-22,1
4035,496,46,2023-12-26,4
4036,24,33,2023-11-16,2
4037,109,10,2023-08-10,1
4038,703,31,2023-08-24,2
4039,502,15,2023-11-10,1
4040,859,7,2022-05-14,1
4041,25,36,2023-12-21,1
4042,187,14,2022-12-18,1
4043,288,48,2023-11-02,1
4044,628,14,2023-02-20,1
4045,338,3,2023-01-15,1
4046,878,49,2023-05-16,1
4047,914,46,2023-12-25,1
4048,37,50,2023-12-06,1
4049,794,3,2023-04-11,1
4050,137,22,2023-11-07,1
4051,508,19,2023-07-16,5
4052,227,35,2023-03-10,1
4053,320,12,2023-07-06,1
4054,840,5,2023-12-30,3
4055,916,10,2023-12-06,1
4056,182,41,2023-07-07,3
4057,874,33,2023-10-06,1
4058,86,13,2023-09-18,1
4059,467,35,2023-12-11,1
4060,926,32,2022-11-06,1
4061,53,11,2023-10-23,1
4062,860,48,2022-11-01,3
4063,867,38,2023-09-04,2
4064,235,24,2023-09-14,1
4065,959,35,2023-11-25,2
4066,779,19,2023-12-16,1
4067,799,6,2023-04-26,1
4068,433,40,2023-03-20,1
4069,496,45,2023-11-09,2
4070,999,44,2023-05-05,1
4071,100,42,2023-04-26,1
4072,990,35,2023-09-11,3
4073,599,4,2023-09-04,1
4074,403,33,2023-03-09,1
4075,396,13,2023-08-09,1
4076,527,36,2023-07-22,1
4077,415,43,2023-05-14,1
4078,939,19,2022-07-06,4
4079,613,43,2023-10-28,1
4080,677,12,2022-06-30,1
4081,463,11,2023-07-26,1
4082,541,6,2023-03-23,1
4083,626,12,2023-08-30,1
4084,619,27,2023-09-30,3
4085,922,41,2023-08-04,1
4086,364,25,2023-08-26,1
4087,130,42,2023-03-20,1
4088,84,3,2023-11-13,1
4089,271,3,2023-02-21,2
4090,244,20,2023-11-02,2
4091,388,28,2023-12-27,1
4092,214,23,2023-12-14,3
4093,818,48,2022-09-14,1
4094,166,3,2022-11-23,1
4095,791,42,2022-07-16,1
4096,59,24,2023-01-27,1
4097,602,43,2023-01-31,4
4098,883,40,2023-12-11,1
4099,843,6,2023-09-13,1
4100,924,20,2023-10-15,2
4101,504,11,2023-08-13,1
4102,706,32,2023-08-11,2
4103,123,27,2022-11-09,1
4104,648,21,2023-01-27,1
4105,413,44,2022-12-31,3
4106,139,48,2023-12-20,1
4107,229,50,2022-11-30,3
4108,274,13,2023-09-09,1
4109,439,22,2023-12-29,2
4110,562,35,2023-05-28,1
4111,910,47,2022-07-30,1
4112,118,22,2023-01-01,3
4113,714,28,2023-07-06,1
4114,995,21,2023-12-20,2
4115,905,46,2022-09-30,2
4116,483,18,2022-08-11,2
4117,395,31,2022-08-12,3
4118,703,46,2022-11-12,1
4119,876,37,2023-12-05,1
4120,460,21,2022-08-10,1
4121,835,14,2023-10-07,1
4122,693,25,2023-11-14,1
4123,935,27,2023-09-01,1
4124,78,40,2023-05-27,1
4125,952,23,2023-12-08,1
4126,412,31,2023-06-02,1
4127,75,47,2023-05-17,2
4128,295,29,2023-06-07,1
4129,793,47,2023-11-20,1
4130,21,30,2023-09-14,3
4131,906,26,2023-12-30,1
4132,171,20,2023-11-28,5
4133,15,38,2023-01-31,1
4134,211,19,2023-01-20,1
4135,560,27,2023-09-29,1
4136,86,25,2023-12-08,2
4137,149,40,2023-09-19,1
4138,700,38,2023-04-11,3
4139,372,23,2023-09-15,1
4140,480,29,2023-09-22,1
4141,818,15,2022-10-14,1
4142,151,3,2023-12-10,1
4143,141,10,2023-10-13,1
4144,69,15,2023-05-02,3
4145,260,16,2023-10-26,1
4146,988,17,2023-04-03,1
4147,846,19,2023-12-20,1
4148,968,11,2023-08-31,3
4149,521,48,2022-11-11,5
4150,633,5,2023-12-12,2
4151,371,5,2022-08-20,4
4152,419,14,2023-09-17,2
4153,101,50,2023-09-30,4
4154,661,26,2023-06-14,2
4155,954,8,2023-09-15,1
4156,658,5,2023-12-28,1
4157,865,7,2023-06-17,1
4158,968,16,2022-12-23,1
4159,243,14,2023-11-17,1
4160,753,37,2023-01-19,1
4161,512,41,2023-08-10,3
4162,849,4,2023-12-03,1
4163,555,36,2023-02-26,2
4164,95,48,2023-12-12,2
4165,226,17,2023-09-30,4
4166,518,47,2023-02-18,3
4167,214,36,2023-11-14,2
4168,718,6,2023-01-26,1
4169,67,16,2023-06-26,1
4170,396,29,2023-09-03,1
4171,612,36,2023-03-29,2
4172,12,38,2023-10-12,3
4173,237,37,2022-12-11,2
4174,834,48,2023-12-17,1
4175,770,48,2023-10-29,1
4176,399,10,2022-08-09,1
4177,407,41,2023-01-23,1
4178,925,36,2023-11-10,1
4179,849,29,2023-10-18,1
4180,480,14,2022-12-20,2
4181,647,4,2023-08-17,1
4182,222,44,2022-07-28,1
4183,156,42,2023-12-26,4
4184,654,36,2023-08-27,1
4185,428,50,2023-12-26,1
4186,158,45,2022-07-12,1
4187,977,13,2022-03-21,1
4188,416,46,2023-10-14,1
4189,326,18,2023-11-04,1
4190,371,33,2023-12-23,1
4191,344,21,2023-09-30,1
4192,262,16,2023-11-18,1
4193,283,15,2023-11-04,3
4194,850,5,2023-12-18,1
4195,856,6,2023-08-29,3
4196,229,38,2023-09-11,1
4197,888,3,2023-12-26,1
4198,280,48,2023-01-29,2
4199,870,12,2023-07-30,1
4200,290,36,2023-08-03,1
4201,680,33,2023-07-09,1
4202,47,36,2023-11-19,1
4203,975,33,2023-09-21,2
4204,715,31,2023-09-14,3
4205,214,21,2023-11-16,1
4206,758,27,2023-06-30,1
4207,24,27,2023-12-17,1
4208,321,8,2022-10-14,5
4209,274,37,2023-05-07,2
4210,556,32,2023-04-29,3
4211,844,26,2023-10-10,1
4212,313,2,2023-12-09,2
4213,363,12,2023-05-30,1
4214,668,22,2023-10-19,1
4215,1000,17,2023-05-05,3
4216,380,7,2023-09-28,1
4217,711,43,2022-02-07,4
4218,919,4,2023-11-22,1
4219,981,37,2023-10-01,2
4220,674,38,2023-12-14,1
4221,907,32,2023-12-23,1
4222,470,11,2022-11-29,1
4223,746,1,2023-11-14,1
4224,675,25,2023-09-26,1
4225,116,42,2023-11-29,1
4226,605,24,2022-11-27,1
4227,42,43,2022-10-05,1
4228,796,17,2023-12-21,1
4229,379,8,2023-06-24,1
4230,722,45,2023-01-01,2
4231,206,27,2023-11-12,3
4232,466,18,2023-08-28,1
4233,732,27,2022-03-02,1
4234,280,22,2023-02-02,2
4235,648,16,2023-08-02,1
4236,618,2,2023-09-22,1
4237,118,5,2022-10-31,1
4238,237,18,2022-10-30,1
4239,309,3,2023-10-26,1
4240,456,27,2023-06-20,1
4241,900,17,2022-11-21,1
4242,475,16,2023-10-15,1
4243,100,6,2023-03-14,1
4244,261,7,2023-11-17,1
4245,993,50,2023-12-05,1
4246,305,14,2023-10-12,1
4247,354,38,2023-12-11,3
4248,286,40,2023-08-04,1
4249,328,15,2023-06-08,1
4250,103,47,2022-03-21,1
4251,63,47,2022-04-22,1
4252,687,48,2023-12-27,1
4253,282,33,2023-02-25,1
4254,441,43,2022-09-14,2
4255,293,27,2023-12-05,1
4256,738,29,2023-12-20,2
4257,7,37,2023-02-27,1
4258,639,5,2023-11-12,5
4259,936,29,2023-11-09,2
4260,92,32,2023-07-17,4
4261,935,6,2023-11-18,1
4262,190,2,2023-08-04,1
4263,871,6,2023-10-02,2
4264,476,46,2023-02-19,3
4265,511,43,2023-11-27,4
4266,462,4,2023-04-07,1
4267,53,29,2023-10-14,2
4268,754,25,2023-06-25,1
4269,486,9,2023-08-24,1
4270,644,3,2023-11-01,1
4271,490,26,2023-07-04,1
4272,978,48,2023-09-18,3
4273,364,43,2023-05-19,1
4274,112,27,2023-12-25,1
4275,409,36,2023-11-25,1
4276,7,32,2023-10-03,1
4277,742,1,2023-10-21,1
4278,668,16,2023-11-10,1
4279,197,48,2022-05-15,1
4280,835,11,2023-09-12,2
4281,876,26,2023-03-08,4
4282,735,40,2023-08-07,1
4283,367,1,2023-07-08,1
4284,250,26,2023-06-27,1
4285,916,28,2023-10-25,2
4286,595,9,2023-08-24,1
4287,240,44,2023-11-22,1
4288,380,22,2023-06-06,1
4289,907,8,2023-08-24,4
4290,872,49,2023-03-05,1
4291,835,42,2023-04-04,1
4292,471,27,2023-12-22,4
4293,775,39,2023-12-20,1
4294,919,19,2023-09-21,2
4295,701,25,2022-10-18,1
4296,455,38,2023-09-24,4
4297,366,21,2023-03-10,1
4298,290,24,2022-12-20,3
4299,874,24,2023-08-16,1
4300,403,19,2023-06-19,2
4301,58,50,2023-12-21,1
4302,521,47,2023-05-07,1
4303,304,2,2023-06-01,2
4304,115,14,2023-11-16,1
4305,210,32,2023-01-06,1
4306,41,42,2023-06-09,1
4307,816,32,2022-10-13,2
4308,173,28,2023-10-17,1
4309,234,48,2022-04-15,2
4310,793,39,2023-11-11,1
4311,884,40,2022-12-28,1
4312,590,42,2022-06-12,1
4313,620,47,2023-10-11,1
4314,793,40,2023-10-31,1
4315,403,13,2023-08-05,1
4316,39,12,2022-10-23,1
4317,119,8,2022-07-19,5
4318,335,15,2023-12-03,1
4319,336,26,2023-01-08,1
4320,539,12,2023-11-25,1
4321,616,43,2023-08-31,1
4322,74,46,2023-12-03,1
4323,191,27,2023-12-26,1
4324,324,18,2023-10-14,2
4325,147,45,2023-06-30,1
4326,767,36,2023-11-19,1
4327,284,49,2023-08-22,1
4328,213,27,2023-11-24,1
4329,635,9,2023-01-19,1
4330,718,39,2023-05-26,1
4331,929,1,2023-10-07,1
4332,752,7,2023-11-29,1
4333,394,26,2023-12-11,2
4334,339,7,2023-09-19,1
4335,798,7,2022-11-29,1
4336,22,8,2023-11-11,1
4337,771,16,2023-12-15,1
4338,869,3,2023-06-05,1
4339,105,45,2023-12-10,1
4340,466,10,2023-05-30,2
4341,459,50,2023-07-16,1
4342,432,7,2023-09-30,1
4343,770,21,2023-06-04,1
4344,716,37,2023-07-12,1
4345,822,31,2023-09-12,1
4346,774,23,2023-11-25,1
4347,619,27,2023-03-07,1
4348,763,22,2023-07-05,1
4349,936,39,2023-12-22,1
4350,221,27,2023-06-17,3
4351,379,49,2022-10-13,1
4352,222,4,2022-10-28,1
4353,258,24,2023-09-27,2
4354,713,23,2023-12-09,2
4355,367,48,2023-06-21,3
4356,770,19,2023-03-16,1
4357,349,42,2023-08-06,3
4358,225,3,2023-09-20,1
4359,714,27,2023-12-07,1
4360,738,3,2023-08-10,1
4361,236,28,2023-05-14,2
4362,183,17,2023-12-13,1
4363,712,31,2022-08-27,1
4364,869,10,2023-10-02,1
4365,758,49,2022-09-27,1
4366,444,22,2022-08-12,3
4367,865,30,2023-07-11,1
4368,623,49,2023-12-07,1
4369,6,21,2023-06-27,2
4370,236,36,2023-11-15,1
4371,127,23,2023-03-04,1
4372,104,38,2023-12-26,2
4373,749,12,2023-09-13,3
4374,915,25,2023-10-07,3
4375,480,20,2023-11-29,1
4376,155,49,2022-11-30,1
4377,257,49,2023-11-11,1
4378,235,42,2023-04-26,1
4379,500,7,2023-08-28,1
4380,289,29,2023-08-10,1
4381,510,48,2023-12-24,3
4382,552,29,2022-06-29,1
4383,800,13,2023-12-19,1
4384,709,3,2023-11-19,1
4385,785,2,2023-07-31,1
4386,894,16,2023-10-19,4
4387,776,30,2023-11-21,1
4388,569,38,2023-04-20,1
4389,298,6,2023-11-13,1
4390,610,45,2023-07-03,1
4391,137,7,2023-11-03,1
4392,376,5,2023-09-21,2
4393,87,7,2023-11-30,1
4394,419,34,2023-02-08,1
4395,754,32,2023-09-19,1
4396,199,49,2023-12-28,2
4397,463,13,2023-09-07,2
4398,437,30,2022-05-17,1
4399,310,25,2023-12-06,1
4400,596,21,2023-06-19,3
4401,754,21,2023-06-26,2
4402,281,28,2023-12-19,2
4403,323,48,2023-10-20,2
4404,764,20,2022-07-15,1
4405,702,34,2023-07-05,1
4406,951,5,2023-06-22,3
4407,942,18,2023-08-13,3
4408,152,39,2023-06-20,1
4409,994,43,2023-02-06,1
4410,302,11,2022-07-15,4
4411,278,17,2023-03-11,1
4412,651,48,2023-10-04,3
4413,688,45,2023-12-14,1
4414,8,22,2022-04-22,1
4415,807,37,2023-11-13,1
4416,235,20,2023-05-17,1
4417,675,48,2023-09-21,1
4418,561,48,2022-08-11,1
4419,302,48,2023-01-22,2
4420,38,46,2023-01-05,5
4421,136,6,2023-04-25,1
4422,822,34,2023-04-04,1
4423,421,14,2023-06-11,1
4424,219,48,2022-08-21,1
4425,348,23,2023-09-29,1
4426,808,20,2023-11-25,1
4427,546,13,2023-01-25,1
4428,864,47,2023-01-18,1
4429,79,44,2023-10-10,1
4430,748,41,2023-12-09,2
4431,895,32,2023-09-23,1
4432,273,26,2023-04-24,3
4433,161,50,2023-07-22,3
4434,687,14,2023-09-04,4
4435,878,36,2023-11-07,3
4436,308,8,2023-12-30,1
4437,374,40,2023-07-18,1
4438,976,22,2023-06-24,1
4439,733,22,2023-11-27,2
4440,9,16,2023-12-29,3
4441,801,27,2023-12-13,3
4442,444,10,2022-10-29,1
4443,113,25,2023-08-13,2
4444,989,31,2023-12-30,1
4445,205,21,2023-10-28,1
4446,405,27,2023-09-15,2
4447,698,17,2023-11-24,1
4448,853,33,2023-12-07,5
4449,197,31,2022-09-07,1
4450,778,50,2022-12-06,3
4451,774,42,2023-10-26,1
4452,760,26,2023-12-23,2
4453,115,21,2023-11-10,2
4454,121,36,2023-08-23,3
4455,653,1,2023-03-13,1
4456,65,4,2023-12-11,3
4457,276,4,2023-10-27,1
4458,825,26,2023-12-26,1
4459,239,4,2023-02-23,1
4460,302,49,2023-07-20,2
4461,392,9,2023-12-26,1
4462,522,30,2023-12-12,2
4463,969,45,2023-12-21,2
4464,369,4,2023-08-13,1
4465,233,5,2023-10-29,3
4466,195,45,2023-04-14,1
4467,907,23,2023-12-10,3
4468,12,16,2023-08-28,1
4469,906,22,2023-12-27,1
4470,921,37,2023-12-14,1
4471,689,8,2022-10-27,1
4472,177,48,2023-10-10,1
4473,217,33,2023-11-14,1
4474,11,38,2023-06-19,1
4475,446,43,2023-02-23,1
4476,630,16,2023-09-28,1
4477,164,5,2023-02-08,2
4478,551,16,2023-12-09,1
4479,53,7,2023-07-31,3
4480,218,1,2023-05-18,1
4481,718,9,2023-11-06,1
4482,999,18,2023-03-31,1
4483,824,45,2023-11-13,1
4484,360,47,2023-12-14,1
4485,385,3,2023-12-30,1
4486,56,24,2023-03-23,3
4487,118,28,2023-09-28,2
4488,900,10,2023-09-01,1
4489,253,9,2023-03-22,2
4490,798,13,2022-10-15,1
4491,780,48,2023-09-28,1
4492,803,35,2023-12-29,1
4493,845,23,2023-10-07,2
4494,180,47,2022-01-11,2
4495,415,17,2022-10-28,2
4496,870,46,2023-11-30,1
4497,235,7,2023-01-16,1
4498,855,16,2023-12-30,2
4499,708,40,2023-09-03,1
4500,820,36,2023-11-18,1
4501,80,20,2023-12-26,1
4502,647,24,2023-12-13,1
4503,22,47,2023-12-08,1
4504,477,5,2023-03-18,1
4505,843,45,2023-10-02,1
4506,440,6,2023-09-01,1
4507,737,28,2023-11-01,1
4508,570,5,2023-12-16,1
4509,93,49,2023-05-26,1
4510,192,39,2022-03-22,1
4511,103,38,2022-07-13,1
4512,396,2,2022-08-14,1
4513,7,43,2023-03-01,2
4514,640,39,2023-12-05,2
4515,567,21,2023-07-21,1
4516,231,40,2023-04-22,1
4517,874,37,2023-10-29,3
4518,574,18,2023-01-14,1
4519,240,48,2023-10-21,1
4520,90,46,2022-09-15,1
4521,232,12,2023-12-26,1
4522,457,17,2023-10-09,1
4523,233,37,2023-12-18,5
4524,354,46,2023-12-05,3
4525,333,38,2023-12-03,1
4526,439,15,2023-11-17,1
4527,375,7,2023-03-25,1
4528,292,14,2023-10-22,1
4529,345,50,2023-01-02,1
4530,664,1,2022-10-24,1
4531,428,38,2023-12-28,1
4532,657,3,2022-12-20,1
4533,130,37,2023-08-30,1
4534,141,44,2023-10-24,4
4535,415,31,2023-11-14,1
4536,93,43,2023-01-26,5
4537,626,13,2023-10-01,1
4538,284,48,2023-06-27,1
4539,956,18,2023-05-28,1
4540,923,17,2023-09-12,1
4541,655,17,2022-07-11,1
4542,223,11,2023-09-25,3
4543,744,20,2022-04-05,5
4544,463,10,2023-06-25,1
4545,545,29,2023-10-05,1
4546,276,48,2023-09-26,1
4547,682,34,2023-02-24,1
4548,140,17,2023-11-26,1
4549,357,42,2023-02-07,1
4550,713,13,2023-12-28,1
4551,23,44,2023-04-05,1
4552,968,47,2023-09-18,1
4553,736,39,2023-04-01,1
4554,880,27,2023-05-22,1
4555,270,26,2023-09-28,5
4556,859,28,2023-08-14,1
4557,665,13,2023-07-03,3
4558,333,12,2023-12-07,2
4559,85,44,2023-02-25,4
4560,621,28,2023-12-03,2
4561,31,2,2023-09-25,1
4562,741,37,2023-05-18,3
4563,240,34,2023-11-08,1
4564,890,23,2022-08-13,1
4565,363,45,2023-12-16,5
4566,822,29,2022-11-05,2
4567,389,35,2023-08-31,4
4568,653,11,2022-12-28,2
4569,668,48,2023-10-15,3
4570,299,33,2023-12-10,2
4571,857,11,2023-07-25,2
4572,371,9,2022-11-07,1
4573,99,14,2023-12-28,3
4574,47,9,2023-10-21,2
4575,999,39,2023-10-09,2
4576,839,48,2023-10-18,1
4577,422,3,2023-10-24,1
4578,480,29,2023-08-10,1
4579,579,19,2023-11-11,3
4580,62,36,2023-12-27,1
4581,109,32,2023-10-06,1
4582,679,7,2023-06-21,1
4583,549,28,2023-11-17,2
4584,119,44,2023-07-05,2
4585,598,18,2023-11-19,2
4586,382,5,2022-08-27,1
4587,392,23,2023-12-10,1
4588,977,22,2022-07-04,1
4589,52,26,2023-09-07,1
4590,603,42,2023-08-10,2
4591,289,12,2023-10-06,1
4592,337,40,2023-06-09,1
4593,810,19,2023-12-05,1
4594,204,47,2023-09-01,1
4595,880,1,2023-02-11,3
4596,238,3,2023-12-22,1
4597,382,27,2022-12-22,2
4598,667,18,2023-08-17,1
4599,752,50,2023-09-21,1
4600,136,30,2023-02-01,1
4601,407,2,2023-04-01,1
4602,508,5,2023-05-04,2
4603,362,29,2023-02-17,1
4604,381,33,2023-02-13,1
4605,881,42,2022-12-27,1
4606,576,20,2022-12-08,1
4607,635,30,2023-06-11,2
4608,254,42,2022-12-20,1
4609,477,5,2022-11-10,1
4610,114,50,2023-04-12,2
4611,20,21,2023-09-19,1
4612,528,15,2023-11-25,1
4613,145,20,2023-11-20,1
4614,208,8,2023-07-08,1
4615,531,49,2023-09-08,2
4616,376,31,2022-06-28,1
4617,504,12,2023-06-17,4
4618,904,21,2023-05-15,1
4619,166,30,2023-05-20,4
4620,550,27,2023-10-03,1
4621,181,44,2023-12-29,1
4622,861,26,2023-11-09,1
4623,617,33,2023-10-02,1
4624,612,26,2023-10-31,2
4625,602,26,2023-06-18,2
4626,927,36,2023-07-09,1
4627,812,40,2023-06-26,1
4628,444,1,2023-07-20,1
4629,332,15,2022-12-23,5
4630,503,50,2023-04-20,3
4631,913,1,2023-02-17,1
4632,79,11,2022-12-12,3
4633,585,2,2023-11-23,3
4634,935,1,2023-12-26,1
4635,938,31,2023-05-03,2
4636,688,44,2023-11-10,1
4637,396,16,2023-11-22,1
4638,608,22,2023-12-07,1
4639,857,42,2023-12-17,1
4640,103,18,2023-01-23,1
4641,402,47,2023-04-25,1
4642,975,17,2022-09-12,2
4643,224,30,2023-05-05,1
4644,518,10,2022-06-18,1
4645,634,35,2023-12-23,3
4646,236,21,2023-06-25,1
4647,427,16,2023-10-07,1
4648,116,6,2023-04-19,4
4649,163,3,2022-01-16,3
4650,226,41,2023-09-13,1
4651,230,43,2023-01-31,1
4652,182,21,2023-09-21,4
4653,249,13,2023-09-08,1
4654,318,18,2023-10-01,1
4655,965,24,2023-08-06,1
4656,210,27,2023-04-16,1
4657,656,4,2022-11-29,2
4658,392,22,2023-12-09,2
4659,857,24,2023-08-16,4
4660,96,40,2023-12-13,2
4661,894,45,2023-09-30,1
4662,858,10,2023-05-15,1
4663,756,2,2023-07-30,5
4664,86,40,2023-10-29,1
4665,415,6,2023-04-14,1
4666,394,48,2023-11-22,3
4667,696,18,2023-10-16,1
4668,633,17,2023-11-01,1
4669,844,38,2023-08-06,3
4670,501,45,2023-09-04,5
4671,604,23,2023-08-23,1
4672,582,46,2023-06-14,3
4673,916,30,2023-12-06,1
4674,133,21,2023-01-15,1
4675,791,10,2023-06-16,3
4676,649,43,2023-01-20,4
4677,314,13,2023-08-19,1
4678,699,12,2023-12-05,1
4679,221,9,2023-06-09,1
4680,976,4,2023-01-30,1
4681,438,39,2023-03-06,1
4682,46,24,2023-12-23,1
4683,790,34,2023-06-02,1
4684,192,39,2022-11-18,1
4685,520,41,2023-10-30,1
4686,379,5,2023-11-20,2
4687,788,15,2023-09-26,1
4688,691,50,2022-11-21,1
4689,334,4,2022-08-07,3
4690,39,39,2023-09-22,2
4691,293,8,2022-11-20,1
4692,690,49,2023-09-13,1
4693,162,45,2023-04-14,2
4694,331,24,2023-01-06,1
4695,886,28,2023-07-08,2
4696,104,43,2023-08-02,1
4697,161,27,2022-10-26,1
4698,799,1,2023-12-09,1
4699,635,34,2023-12-10,2
4700,54,17,2023-02-08,3
4701,940,37,2023-10-13,1
4702,34,38,2023-12-20,1
4703,242,26,2023-02-18,1
4704,967,24,2022-09-22,1
4705,890,39,2023-08-27,3
4706,113,21,2023-06-21,1
4707,318,30,2023-08-20,3
4708,23,47,2022-09-22,1
4709,558,48,2022-08-09,3
4710,824,13,2023-10-11,2
4711,647,37,2023-11-25,1
4712,118,3,2023-12-02,1
4713,985,32,2023-07-14,1
4714,701,35,2022-09-25,1
4715,643,19,2023-09-04,1
4716,934,14,2023-02-22,1
4717,212,48,2023-06-26,4
4718,418,22,2023-04-13,1
4719,113,17,2023-08-27,2
4720,44,4,2023-11-04,3
4721,128,45,2023-10-18,3
4722,876,40,2023-05-07,1
4723,158,19,2023-04-12,1
4724,785,37,2022-03-04,1
4725,827,2,2023-08-22,1
4726,394,15,2023-11-18,1
4727,867,2,2023-11-16,2
4728,852,11,2023-12-30,1
4729,512,45,2023-11-10,1
4730,914,23,2023-12-19,5
4731,45,10,2023-10-25,1
4732,108,3,2023-01-30,1
4733,219,5,2023-02-19,2
4734,443,3,2023-05-09,1
4735,830,38,2023-08-13,1
4736,315,13,2023-07-21,1
4737,177,42,2023-11-19,3
4738,228,19,2023-10-27,1
4739,703,40,2023-08-11,1
4740,983,50,2022-12-05,1
4741,672,35,2023-08-25,1
4742,906,24,2023-12-29,1
4743,267,24,2023-07-29,1
4744,870,17,2023-12-29,1
4745,838,40,2022-12-27,1
4746,379,10,2023-11-26,1
4747,489,2,2022-08-31,1
4748,702,44,2023-10-04,1
4749,687,23,2023-10-08,1
4750,290,6,2023-03-23,1
4751,996,2,2023-11-15,2
4752,357,21,2023-08-08,3
4753,657,35,2023-07-23,1
4754,744,49,2022-04-04,1
4755,872,29,2023-01-28,1
4756,950,7,2023-10-16,1
4757,204,29,2023-09-20,1
4758,213,37,2023-12-03,1
4759,552,23,2023-05-15,2
4760,787,33,2023-09-19,1
4761,323,8,2023-11-04,1
4762,594,12,2023-12-17,2
4763,181,46,2023-10-10,1
4764,499,48,2023-06-07,1
4765,320,10,2023-04-05,5
4766,83,15,2023-12-29,3
4767,303,24,2023-09-19,2
4768,262,26,2023-11-09,1
4769,784,47,2023-11-03,1
4770,200,42,2023-11-09,3
4771,240,39,2023-11-08,1
4772,914,3,2023-12-24,3
4773,692,2,2023-05-25,1
4774,944,6,2023-04-11,1
4775,683,21,2023-01-26,5
4776,295,9,2023-06-29,1
4777,512,10,2023-06-13,1
4778,689,36,2022-10-17,1
4779,881,3,2023-09-22,1
4780,396,41,2023-01-13,1
4781,749,24,2023-10-16,1
4782,138,22,2023-02-25,1
4783,839,49,2023-12-07,2
4784,878,14,2023-05-20,1
4785,823,42,2023-06-13,5
4786,129,45,2022-11-06,1
4787,49,44,2023-03-27,1
4788,676,27,2023-12-17,1
4789,789,33,2023-11-15,2
4790,293,22,2022-08-24,5
4791,628,29,2023-07-21,2
4792,536,19,2023-08-11,1
4793,311,19,2023-05-27,1
4794,537,6,2023-06-10,2
4795,903,45,2023-08-13,3
4796,639,19,2023-06-06,5
4797,234,13,2022-05-26,1
4798,209,26,2023-12-11,5
4799,605,22,2023-01-19,1
4800,94,21,2023-08-16,1
4801,327,36,2022-11-17,1
4802,225,2,2023-09-05,1
4803,967,47,2023-09-08,2
4804,890,44,2023-05-28,3
4805,792,30,2023-07-31,2
4806,11,27,2022-12-09,1
4807,329,7,2023-12-10,1
4808,12,20,2023-10-03,2
4809,35,50,2023-10-21,1
4810,447,31,2023-11-13,2
4811,452,23,2023-11-22,1
4812,740,13,2022-06-25,1
4813,220,17,2023-06-07,1
4814,441,4,2022-11-22,3
4815,653,14,2022-12-08,1
4816,535,20,2022-06-12,1
4817,595,13,2023-03-16,2
4818,229,3,2023-10-28,1
4819,935,26,2023-11-05,3
4820,344,26,2023-11-26,1
4821,80,18,2023-12-17,1
4822,353,32,2023-05-03,3
4823,396,14,2023-11-30,1
4824,290,47,2023-04-16,1
4825,455,3,2023-08-31,1
4826,843,1,2023-12-26,1
4827,671,26,2023-09-08,1
4828,989,24,2023-12-23,1
4829,128,49,2023-11-04,3
4830,702,35,2023-09-23,2
4831,909,14,2023-05-29,1
4832,543,3,2023-12-28,1
4833,898,13,2023-10-01,1
4834,359,47,2023-11-12,1
4835,527,50,2023-06-15,1
4836,313,14,2023-07-04,1
4837,75,21,2023-09-12,1
4838,546,26,2023-11-14,1
4839,871,3,2023-08-25,1
4840,196,40,2023-07-22,2
4841,843,4,2023-04-08,2
4842,29,36,2023-09-09,1
4843,706,43,2023-02-06,2
4844,16,1,2023-06-02,1
4845,423,40,2023-11-17,3
4846,589,47,2022-11-06,1
4847,805,33,2023-08-24,2
4848,593,7,2023-05-04,1
4849,405,11,2022-08-04,1
4850,940,27,2023-11-19,1
4851,636,14,2023-11-26,1
4852,531,22,2023-12-28,1
4853,967,16,2022-12-22,1
4854,614,46,2023-12-25,2
4855,904,12,2023-04-01,1
4856,77,49,2023-09-12,1
4857,229,46,2023-05-14,1
4858,962,10,2022-03-11,5
4859,297,24,2023-07-25,2
4860,510,46,2023-11-29,2
4861,715,18,2023-09-19,1
4862,984,22,2022-12-06,1
4863,966,9,2023-10-04,1
4864,573,17,2023-11-12,1
4865,538,38,2023-06-21,1
4866,583,40,2023-01-30,1
4867,615,13,2023-11-14,1
4868,979,50,2023-08-03,1
4869,326,37,2023-06-29,1
4870,363,6,2023-10-22,3
4871,669,21,2023-06-10,1
4872,875,36,2023-07-03,2
4873,359,7,2023-12-10,1
4874,706,36,2023-04-20,1
4875,787,25,2023-10-09,1
4876,324,11,2023-07-06,2
4877,698,44,2023-11-26,1
4878,326,14,2023-12-28,3
4879,625,45,2023-12-10,1
4880,825,29,2023-11-05,1
4881,165,10,2023-12-26,2
4882,573,50,2023-08-04,1
4883,604,48,2023-06-06,2
4884,798,5,2023-01-13,1
4885,455,8,2023-08-17,1
4886,969,46,2023-12-05,2
4887,153,5,2023-12-20,4
4888,737,24,2023-11-27,1
4889,127,40,2023-11-04,2
4890,193,26,2023-12-16,1
4891,627,6,2023-12-14,2
4892,774,16,2023-11-26,1
4893,530,36,2023-12-25,1
4894,10,12,2023-09-20,1
4895,92,11,2023-09-11,1
4896,139,3,2023-12-15,1
4897,481,44,2023-03-21,1
4898,449,37,2023-02-12,1
4899,333,6,2023-12-20,5
4900,869,19,2023-05-17,1
4901,340,18,2022-12-12,1
4902,961,16,2023-10-15,1
4903,52,23,2023-02-28,3
4904,707,43,2023-04-05,1
4905,466,37,2023-10-17,1
4906,718,9,2023-11-15,1
4907,799,3,2023-11-06,1
4908,475,8,2023-07-05,1
4909,401,38,2023-10-25,1
4910,439,4,2023-10-07,1
4911,878,12,2023-09-21,1
4912,605,44,2022-09-16,1
4913,932,31,2023-05-03,1
4914,997,25,2023-11-12,1
4915,922,16,2023-12-30,3
4916,821,42,2023-04-18,3
4917,657,14,2022-12-11,1
4918,598,13,2023-10-20,1
4919,509,41,2023-04-11,1
4920,153,7,2023-12-08,1
4921,514,12,2023-04-04,1
4922,503,37,2023-09-30,1
4923,854,50,2023-12-19,3
4924,901,4,2023-08-28,3
4925,772,2,2022-07-31,1
4926,676,35,2023-12-21,1
4927,6,44,2022-10-02,3
4928,500,3,2022-12-11,3
4929,661,4,2022-06-21,4
4930,717,38,2023-11-23,1
4931,118,12,2023-01-18,1
4932,485,19,2023-07-02,1
4933,601,10,2023-12-28,1
4934,666,1,2023-07-31,1
4935,951,17,2023-09-26,1
4936,679,16,2023-10-07,3
4937,468,9,2023-03-21,3
4938,161,9,2023-09-28,1
4939,270,9,2023-12-05,3
4940,56,12,2023-12-07,1
4941,228,41,2023-08-30,2
4942,849,15,2023-08-08,1
4943,149,2,2023-08-10,1
4944,46,11,2023-03-03,1
4945,144,11,2023-02-23,1
4946,750,8,2023-12-04,1
4947,784,32,2023-11-11,1
4948,632,6,2023-04-18,5
4949,340,20,2023-06-15,1
4950,413,39,2023-05-13,1
4951,732,35,2022-07-24,1
4952,520,8,2023-06-29,1
4953,344,50,2023-10-29,1
4954,387,49,2023-11-06,2
4955,473,43,2023-02-02,1
4956,275,34,2023-08-04,1
4957,353,19,2023-04-09,2
4958,66,7,2023-03-07,1
4959,79,31,2023-10-30,1
4960,598,18,2023-11-07,3
4961,636,40,2023-11-06,1
4962,202,14,2022-07-23,1
4963,978,39,2023-06-04,3
4964,662,36,2023-12-28,1
4965,558,17,2022-04-07,1
4966,113,37,2023-10-07,5
4967,91,44,2023-01-16,1
4968,141,9,2023-11-02,1
4969,289,20,2023-10-15,3
4970,901,45,2023-08-04,3
4971,730,28,2023-02-07,1
4972,589,50,2023-04-26,1
4973,411,20,2023-07-12,2
4974,377,41,2023-11-11,2
4975,384,36,2023-07-21,1
4976,846,27,2023-10-12,1
4977,152,8,2023-10-13,1
4978,835,32,2023-03-02,3
4979,751,1,2023-01-12,3
4980,627,17,2023-11-02,4
4981,319,9,2023-12-17,3
4982,369,20,2023-10-15,1
4983,606,45,2022-12-21,1
4984,995,32,2023-11-18,2
4985,560,2,2022-11-16,2
4986,703,32,2022-12-20,1
4987,462,45,2023-04-25,1
4988,12,9,2023-09-27,3
4989,156,30,2023-12-13,1
4990,684,20,2023-07-20,1
4991,477,38,2022-08-08,1
4992,939,1,2022-11-23,1
4993,401,5,2023-03-18,1
4994,808,35,2023-12-05,2
4995,177,36,2022-10-15,1
4996,341,1,2023-11-25,1
4997,57,14,2023-11-06,1
4998,855,9,2023-12-30,2
4999,852,30,2023-12-10,4
5000,448,24,2023-10-26,2
